-- phpMyAdmin SQL Dump
-- version 4.0.10.7
-- http://www.phpmyadmin.net
--
-- Inang: localhost:3306
-- Waktu pembuatan: 20 Apr 2016 pada 21.13
-- Versi Server: 10.0.24-MariaDB
-- Versi PHP: 5.4.31

SET SQL_MODE = "NO_AUTO_VALUE_ON_ZERO";
SET time_zone = "+00:00";


/*!40101 SET @OLD_CHARACTER_SET_CLIENT=@@CHARACTER_SET_CLIENT */;
/*!40101 SET @OLD_CHARACTER_SET_RESULTS=@@CHARACTER_SET_RESULTS */;
/*!40101 SET @OLD_COLLATION_CONNECTION=@@COLLATION_CONNECTION */;
/*!40101 SET NAMES utf8 */;

--
-- Basis data: `kopenasc_kopenas`
--

-- --------------------------------------------------------

--
-- Struktur dari tabel `tbl_admin`
--

CREATE TABLE IF NOT EXISTS `tbl_admin` (
  `admin_id` int(3) NOT NULL AUTO_INCREMENT,
  `admin_nama` varchar(50) COLLATE latin1_general_ci NOT NULL,
  `admin_username` varchar(25) COLLATE latin1_general_ci NOT NULL,
  `admin_password` varchar(50) COLLATE latin1_general_ci NOT NULL,
  `admin_privileges` varchar(1) COLLATE latin1_general_ci NOT NULL,
  PRIMARY KEY (`admin_id`)
) ENGINE=MyISAM  DEFAULT CHARSET=latin1 COLLATE=latin1_general_ci AUTO_INCREMENT=4 ;

--
-- Dumping data untuk tabel `tbl_admin`
--

INSERT INTO `tbl_admin` (`admin_id`, `admin_nama`, `admin_username`, `admin_password`, `admin_privileges`) VALUES
(1, 'Manager USP', 'managerusp', 'dc5f6d9981a3c03a2979a8b4fbce6097', 'A');

-- --------------------------------------------------------

--
-- Struktur dari tabel `tbl_anggota`
--

CREATE TABLE IF NOT EXISTS `tbl_anggota` (
  `anggota_id` varchar(15) COLLATE latin1_general_ci NOT NULL,
  `anggota_nama` varchar(50) COLLATE latin1_general_ci NOT NULL,
  `anggota_tpt_lahir` varchar(50) COLLATE latin1_general_ci NOT NULL,
  `anggota_tgl_lahir` date NOT NULL,
  `anggota_jk` enum('l','p') COLLATE latin1_general_ci NOT NULL,
  `anggota_alamat` varchar(100) COLLATE latin1_general_ci NOT NULL,
  `anggota_telepon` varchar(12) COLLATE latin1_general_ci NOT NULL,
  `anggota_pekerjaan` varchar(25) COLLATE latin1_general_ci NOT NULL,
  `anggota_unit_kerja` varchar(25) COLLATE latin1_general_ci NOT NULL,
  `anggota_tipe` varchar(1) COLLATE latin1_general_ci NOT NULL,
  `anggota_tgl_masuk` date NOT NULL,
  `anggota_password` varchar(100) COLLATE latin1_general_ci NOT NULL,
  PRIMARY KEY (`anggota_id`)
) ENGINE=MyISAM DEFAULT CHARSET=latin1 COLLATE=latin1_general_ci;

--
-- Dumping data untuk tabel `tbl_anggota`
--

INSERT INTO `tbl_anggota` (`anggota_id`, `anggota_nama`, `anggota_tpt_lahir`, `anggota_tgl_lahir`, `anggota_jk`, `anggota_alamat`, `anggota_telepon`, `anggota_pekerjaan`, `anggota_unit_kerja`, `anggota_tipe`, `anggota_tgl_masuk`, `anggota_password`) VALUES
('AG-034', 'Darsono', 'Cianjur', '1962-05-28', 'l', 'Kp. Sukasari Rt 003/014 Sindanglaya Cipanas', '081321751722', 'PNS', 'Sekretariat Presiden', '1', '2000-02-01', '9bff4b8d4dcb29e5266df8716ce34ad7'),
('AG-002', 'Suwedi', 'Kebumen', '1958-09-04', 'l', 'Kp.Tugu rt/rw 002/003 Des.Cibeureum Kec.Cugenang', '08129946459', 'Pegawai Negeri Sipil', 'Istana Cipanas', '1', '2000-02-01', '6bd06d6c4f57b6b3e1c98f450702db16'),
('AG-003', 'Ahmad Juaeni', 'Cianjur', '1958-04-02', 'l', 'Komplek Istana rt/rw 001/001 des.Cipanas kec.Cipanas', '087721091102', 'Pegawai Negeri Sipil', 'Istana Cipanas', '1', '2000-02-01', 'db2488abe918f8d0fc343d8514cf4f1d'),
('AG-004', 'Achmad Firdaus', 'Cianjur', '1965-02-14', 'l', 'Komplek Istana rt/rw 001/001 des.Cipanas kec.Cipanas ', '081546517665', 'PNS', 'Istana Cipanas', '1', '2000-02-01', 'f7da6674cea27cd772ad0d933ae93103'),
('AG-005', 'Hasan Sasmita', 'Cianjur ', '1961-04-29', 'l', 'Kp. Cibogo Rt 001/003 Ciwalen Sukaresmi ', '087820030301', 'PNS', 'Istana Cipanas', '1', '2000-02-01', 'fc3f318fba8b3c1502bece62a27712df'),
('AG-006', 'Cepi Kurniawan', 'Cianjur', '1966-02-07', 'l', 'Komplek Istana rt/rw 001/001 des.Cipanas kec.Cipanas ', '085703184682', 'PNS', 'Istana Cipanas', '1', '2000-02-01', '16ca55b4f29157780eabc6244f49d442'),
('AG-007', 'Endang Suwardi', 'Cianjur', '1960-01-06', 'l', 'Komplek Istana rt/rw 001/001 des.Cipanas kec.Cipanas ', '087714346141', 'PNS', 'Istana Cipanas', '1', '2000-02-01', '575598a0bc1f38cd56aa2788215ae5e1'),
('AG-008', 'Mamat Akhmad Bariji', 'Cianjur', '1962-04-17', 'l', 'Kp. Ciwalen Pasar rt/rw 003/009 des. Kawungluwuk  kec.Sukaresmi', '081809384066', 'PNS', 'Istana Cipanas', '1', '2000-02-01', '24b65fcef95d94b6d41ecaa85a70e46f'),
('AG-009', 'Ade Supriyadi', 'Cianjur', '1961-11-20', 'l', 'Kp. Sindangsari Rt 001/001 des.Cipanas Kec.Cipanas ', '081222241664', 'PNS', 'Istana Cipanas', '1', '2000-02-01', '06793bc45269379202ab3828603d5b5c'),
('AG-010', 'Ali Sasmita', 'Cianjur', '1965-06-21', 'l', 'Kp. Belakang Kulon Rt 001/005 des.Cipanas Kec Cipanas', '081912218828', 'PNS', 'Istana Cipanas', '1', '2000-02-01', '3ccbda445fcce40d8aa046f393f256e0'),
('AG-011', 'Rodiah', 'Cianjur', '1970-04-02', 'p', 'Kp. Babakan Loji rt/rw 001/014 des.Cipanas kec.Cipanas ', '08179287681', 'PNS', 'Istana Cipanas', '1', '2000-02-01', '3066e10f8507adb150a33725c2d74df5'),
('AG-012', 'Denden', 'Cianjur', '1966-10-01', 'l', 'Kebonjati Rt 001/013 Des.Sukakarya Kec.warudoyong ', '085920612031', 'PNS', 'Istana Cipanas', '1', '2000-02-01', '075a79fb221852f46c51b49f9d83204b'),
('AG-013', 'Hambali', 'Banyumas', '1963-03-03', 'l', 'Kp. SUkasari Rt 002/015 Sindanglaya Cipanas', '08128236536', 'PNS', 'Istana Cipanas', '1', '2000-02-01', 'b54bbbb1964ccb776665f6eaf7048e69'),
('AG-014', 'Rohman', 'Sukabumi', '1961-02-04', 'l', 'Kp. Pasir Kampung Rt 006/001 Sukatani Pacet', '081299463361', 'PNS', 'Istana Cipanas', '1', '2000-02-01', '2397977a0e43fb1f5ee26fe993674b5b'),
('AG-015', 'Budi', 'Cianjur', '1974-03-06', 'l', 'Komplek Istana Cipanas rt/rw 001/001 Des.Cipanas Kec.Cipanas ', '081807385507', 'PNS', 'Istana Cipanas', '1', '2000-02-01', '00dfc53ee86af02e742515cdcf075ed3'),
('AG-016', 'Ridwan', 'Cianjur', '1976-06-20', 'l', 'Komplek Istana rt/rw 001/001 Des.Cipanas Kec.Cipanas ', '08128352171', 'PNS', 'Istana Cipanas', '1', '2000-02-01', 'd584c96e6c1ba3ca448426f66e552e8e'),
('AG-017', 'Jujun Junaedi', 'Cianjur', '1960-07-11', 'l', 'KP. Ciwalen Rt 003/009 Des.Kawungluwuk Kec.Sukaresmi', '087721405221', 'PNS', 'Istana Cipanas', '1', '2000-02-01', '3024976f3c7c53c218d415f526ceb0ce'),
('AG-018', 'Ade Casmuri', 'Cianjur', '1963-11-26', 'l', 'Komplek Istana rt/rw 001/001 Des.Cipanas Kec.Cipanas', '', 'PNS', 'Istana Cipanas', '1', '2000-02-01', 'a6dd0fbcf80a4c66383f0036c7da4270'),
('AG-019', 'Jajat Sudrajat', 'Sukabumi', '1965-08-12', 'l', 'Komplek Istana Cipanas rt/rw 001/001 Des.Cipanas Kec.Cipanas', '08129508731', 'PNS', 'Istana Cipanas', '1', '2000-02-01', 'f26127ceb0f69dd1c92cca7a621cbba7'),
('AG-020', 'Maman Suratman ', 'Cianjur', '1969-07-03', 'l', 'KP. Babakan Loji Rt/Rw 001/014 Des.Cipanas Kec.Cipanas ', '081222528567', 'PNS', 'Istana Cipanas', '1', '2000-02-01', '4828c98a78be9b97ebbd6baa591c675f'),
('AG-021', 'Mita Sudirja', 'Cianjur', '1971-01-02', 'l', 'Kp.Sindangsari Rt/Rw 001/010 Des.Cipanas Kec.Cipanas', '087721012467', 'PNS', 'Istana Cipanas', '1', '2000-02-01', '914c1ebff513143edb6814310554d761'),
('AG-022', 'Wawan Gunawan', 'Garut', '1972-01-18', 'l', 'Komplek Istana Cipanas RT/RW 001/001 Des.Cipanas Kec.Cipanas', '081808626331', 'PNS', 'Istana Cipanas', '1', '2000-02-01', 'dc96b97c4ffbead46ca25ef5d4b77cbe'),
('AG-023', 'Iwan Rudianto', 'Cianjur', '1974-08-18', 'l', 'Kp. Babakan Cisarua Rt 005/013 Sindanglaya Cipanas', '081320346694', 'PNS', 'Istana Cipanas', '1', '2000-02-01', '4202250233aa8d29ce9b7b89b1c656d9'),
('AG-024', 'Dedi Sutarman', 'Cianjur', '1964-12-07', 'l', 'Komplek Istana Rt/Rw 001/001 Des.Cipanas Kec.Cipanas ', '081912262578', 'PNS', 'Istana Cipanas', '1', '2000-02-01', '8d410ac552b55a7ddf020c475f99296d'),
('AG-025', 'Rusmana', 'Cianjur', '1966-12-07', 'l', 'Komplek Istana rt/rw 001/001 Des.Cipanas Kec.Cipanas', '087720037066', 'PNS', 'Istana Cipanas', '1', '2000-02-01', 'eddf5980889cc3b8cf950110c688c4a9'),
('AG-026', 'Sodikin', 'Cianjur', '1966-05-15', 'l', 'Kp.Lanbau rt/rw 004/008 Des.Cipanas Kec.Cipanas', '', 'PNS', 'Istana Cipanas', '1', '2000-02-01', '826e81fc50d0c6a67bfd0d17774366de'),
('AG-027', 'Sugimin', 'Semarang', '1958-04-20', 'l', 'Komplek Istana Cipanas rt/rw 001/001 Des.Cipanas Kec.Cipanas', '', 'PNS', 'Istana Cipanas', '1', '2000-02-01', '5d875439195b0af8a138dbb875ebdb49'),
('AG-028', 'Ade Ruhyat', 'Cianjur', '1963-12-06', 'l', 'Komplek Istana Cipanas rt/rw 001/001 Des.Cipanas Kec.Cipanas', '', 'PNS', 'Istana Cipanas', '1', '2000-02-01', '83d4046ee6b8fd04abbc18081faf3b5d'),
('AG-029', 'Sanusi', 'Cianjru', '1962-05-28', 'l', 'Kp. Sukasari Rt 002/015 Sindanglaya Cipanas', '087721368562', 'PNS', 'Istana Cipanas', '1', '2000-02-01', 'd8420ee1c07a593566004a1dd88dd207'),
('AG-030', 'Badruji', 'Cianjur', '1964-10-25', 'l', 'Kp. Sindangsari Rt 001/010 Cipanas ', '', 'PNS', 'Istana Cipanas', '1', '2000-02-01', 'f2a66d627fed97178c10b520aa7aa833'),
('AG-031', 'Dimas Rama', 'Cianjur', '1968-09-27', 'l', 'Komplek Istana Cipanas rt/rw 001/001 Des.Cipanas Kec.Cipanas', '081906560610', 'PNS', 'Istana Cipanas', '1', '2000-02-01', '7d49e40f4b3d8f68c19406a58303f826'),
('AG-032', 'Sri Suwarni Rasman', 'Cianjur', '1971-03-03', 'p', 'Komplek Istana rt/rw 001/001 Des.Cipanas Kec.Cipanas', '081912012115', 'PNS', 'Istana Cipanas', '1', '2000-02-01', '85ae124a2bb4205778691cdd08ff6323'),
('AG-033', 'Ajat Sudrajat', 'Cianjur', '1968-06-19', 'l', 'Kp. Tugaran RT 002/012 Sindanglaya Cipanas', '081912054522', 'PNS', 'Istana Cipanas', '1', '2000-02-01', '8c63db93243d9fdb64ffc91661f3c546'),
('AG-035', 'Endang Komarudin', 'Cianjur', '1973-07-19', 'l', 'Komplek Istana Cipanas rt/rw 001/001 Des.Cipanas Kec.Cipanas ', '087720266474', 'PNS', 'Istana Cipans', '1', '2000-02-01', 'cf9a49b6e819aec9fef10c1226e22557'),
('AG-036', 'Kindi', 'Cianjur', '1963-11-05', 'l', 'Kp. Sindangsari Rt 003/011 Cipanas', '087820066953', 'PNS', 'IStana Cipanas', '1', '2000-02-01', 'cfd42c0474238dc95f5511b0c15a182d'),
('AG-037', 'M Firmansyah', 'Cianjur', '1969-06-24', 'l', 'Kp. Cinangsi Rt 001/006 Gadog Pacet', '0818684169', 'PNS', 'Istana Cipanas', '1', '2000-02-01', '9d4067c68c943499069ce1870e2206aa'),
('AG-038', 'N Sasramdani', 'Cianjur', '1959-08-08', 'l', 'kp. Lanbau Rt 004/008 Cipanas', '', 'PNS', 'Istana Cipanas', '1', '2000-02-01', 'cc8839950896aa17b3224887089241ba'),
('AG-039', 'Nurjaeni', 'Cianjur', '1966-06-09', 'l', 'Komplek Istana Cipanas rt/rw 001/001 Des.Cipanas Kec.Cipanas  ', '085794209818', 'PNS', 'Istana Cipanas', '1', '2000-02-01', 'd853f84ea573ac660882f5dbb16546d7'),
('AG-040', 'Dadang Suhendar', 'Cianjur', '1972-03-19', 'l', 'Komplek Istana Cipanas rt/rw 001/001 Des.Cipanas Kec.Cipanas', '', 'PNS', 'Istana Cipanas', '1', '2000-02-01', '0037bb978d51e84d1ad5478e85430f26'),
('AG-041', 'Djenal Aripin', 'Cianjur', '1969-12-01', 'l', 'Komp. Perum Landbouw Rt 005/015 Sindanglaya Cipanas', '', 'PNS', 'Istana Cipanas', '1', '2000-02-01', 'b41d59fbf6820910aa4d80e3657b9cd7'),
('AG-042', 'Wawan Suryana', 'Cianjur', '1972-08-05', 'l', 'Komplek Istana rt/rw 001/001 Des.Cipanas Kec.Cipanas ', '081804980012', 'PNS', 'Istana Cipanas', '1', '2000-02-01', '4d09418a5df5af3e8b63375cfbaa2f9d'),
('AG-043', 'Suryadi', 'Cianjur', '1970-05-23', 'l', 'Kp. Cinangsi Rt 001/006 GAdog Pacet', '08176440374', 'PNS', 'Istana Cipanas', '1', '2000-02-01', 'b5bc52b16032f3ead952c6e396a2cb57'),
('AG-044', 'Duyeh', 'Cianjur', '1968-03-17', 'l', 'Komplek Istana Cipanas rt/rw 001/001 Des.Cipanas Kec.Cipanas', '', 'PNS', 'Istana Cipanas', '1', '2000-02-01', '5c0baf33098e76f351aaca54116c8b32'),
('AG-045', 'Ujang Suparman', 'Cianjur', '1966-12-21', 'l', 'Komplek Istana Cipanas rt/rw 001/001 Des.Cipanas Kec.Cipanas ', '', 'PNS', 'Istana Cipanas', '1', '2000-02-01', 'c959810f01adc10791f46e1b3ecab45a'),
('AG-046', 'Saepuloh', 'Cianjur', '1963-05-27', 'l', 'Komplek Istana rt/rw 001/001 Des.Cipanas Kec.Cipanas ', '', 'PNS', 'Istana Cipanas', '1', '2000-02-01', 'a542a35383067bc6fd4191019cd42fb4'),
('AG-047', 'Hedi Suyono', 'Cianjur', '1971-06-10', 'l', 'Kp. Babakan Situ Rt 002/006 Cipanas', '08170818127', 'PNS', 'Istana Cipanas', '1', '2000-02-01', '021206c966f42c1c4a52471a25bef194'),
('AG-048', 'Supardi', 'Cianjur', '1971-03-06', 'l', 'Komplek Istana Cipanas rt/rw 001/001 Des.Cipanas Kec.Cipanas ', '087721042320', 'PNS', 'Istana Cipanas', '1', '2000-02-01', '2fd6a76423492a428c5d4e07fe756137'),
('AG-060', 'Otjah ', 'Bogor', '1932-07-14', 'p', 'Kp.Sukasari rt/rw 003/014 Des.Sindanglaya kec.Cipanas', '', 'Pensiunan', '', '4', '2000-02-01', 'a8a325036ba9be4a7878e184d784184f'),
('AG-050', 'H Udin Ismail', 'Cianjur', '1926-04-20', 'l', 'Kp. Sukasari Rt 001/015 Sindanglaya Cipanas', '', 'PNS', 'Istana Cipanas', '1', '2000-02-01', 'f3b32717d5322d7ba7c505c230785468'),
('AG-051', 'Rasyid Ridla', 'Cianjur', '1969-11-06', 'l', 'Kp. Sukasari Rt 002/015 Sindanglaya Cipanas', '', 'Petugas Taman', 'Istana Cipana', '3', '2000-02-01', '9df67b1806c8857bb4db0a63b5ed81d2'),
('AG-052', 'Siti Aminah', 'Garut', '1972-06-06', 'p', 'Komplek Istana Cipanas rt/rw 001/001 Des.Cipanas Kec.Cipanas', '', 'Ibu Rumah Tangga', '', '2', '2000-02-01', '90b74c589f46e8f3a484082d659308bd'),
('AG-053', 'Kakang Bahrudin', 'Cianjur', '1963-03-24', 'l', 'Kp. Sindangsari Rt 003/011 Sindanglaya Cipanas', '', 'Petugas Taman', 'Istana Cipanas', '3', '2000-02-01', 'ba07d878074e22e373dc3ad0378b12fb'),
('AG-054', 'Umar Suparman', 'Cianjur', '1939-03-18', 'l', 'Kp. Sukasari Rt 001/015 Sindanglaya Cipanas', '', 'Pensiunan', '', '4', '2000-02-01', 'b83b5b75eaa28e0100a66ebee52e1812'),
('AG-055', 'Kiki M Junaedi', 'Cianjur', '1947-10-06', 'p', 'Kp. Neglasari Rt 01/004 Cipanas', '', 'Ibu Rumah Tangga', '', '4', '2000-02-01', 'add3c3fed578a1c061379e86f14521ae'),
('AG-056', 'Emeh', 'Tasikmalaya', '1939-08-19', 'p', 'Kp. Sukasari Rt 002/014 Sindanglaya Cipanas', '', 'Ibu Rumah Tangga', '', '4', '2000-02-01', '1bbb3149ed30b7026e0f34a037dacfdb'),
('AG-057', 'Suniah Bt Ropai', 'Cianjur', '1948-06-18', 'p', 'Kp. Sukasari Rt 003/015 Sindanglaya Cipanas', '', 'Ibu rumah Tangga', '', '4', '2000-02-01', '1bbb3149ed30b7026e0f34a037dacfdb'),
('AG-058', 'Suhendi', 'Cianjur', '1977-01-10', 'l', 'Kp. Kayumanis Rt 001/006 Sukatani Pacet', '', 'Petugas Taman', 'Istana Cipanas', '3', '2000-02-01', 'f25f7395e3227ac18c5f77443587e131'),
('AG-059', 'Supendi', 'cianjur', '1959-03-29', 'l', 'KP.SINDANGSARI', '', 'cleaning service', 'Istana Cipanas', '3', '2016-02-01', '9075eadb9e6e81a912f97aa873a5deaa'),
('AG-061', 'Yadi Supriadi', 'Cianjur', '1977-10-10', 'l', 'Kp.Sukasari rt/rw 001/014', '', '', 'Istana Cipanas', '3', '2000-02-01', '1ee70f38c49d77b23dd43e990c65eabf'),
('AG-062', 'Jaenudin udin', 'Cianjur', '1979-07-19', 'l', 'Kp.Neglasari rt/rw 002/001', '', 'Outsourcing', 'Istana Cipanas ', '3', '2000-02-01', 'f4be1f3630e12f3199415109eb0214fb'),
('AG-063', 'Agus Junaedi', 'Cianjur', '1970-12-22', 'l', 'Kp.Kayumanis rt/rw 002/006 Des.Sukatani Kec.Pacet', '', 'Pegawai Taman', 'Istana Cipanas ', '3', '2000-02-01', '0eef354a4d14b7277af7d00da81ac750'),
('AG-064', 'Kurniawati Purnama Dewi ', 'Cianjur ', '1984-04-14', 'p', 'JL.Pahlawan Komp.Istana rt/rw 001/001 Des.Cipanas Kec.Cipanas', '085218157768', 'PNS', 'Istana Cipanas', '1', '2000-02-01', '9384dde6345533abb0321796f427f96a'),
('AG-065', 'H Didih Iskandar ', 'Cianjur ', '1941-10-03', 'l', 'Kp.Ciherang rt/rw 01/04 des.Ciputri kec.Pacet', '', 'Pensiunnan', '', '4', '2000-02-01', '93b2474c31e0b5a7143add4345ff8e70'),
('AG-066', 'Kakang Bahrudin', 'Cianjur', '1963-03-24', 'p', 'Kp.Sidang sari', '', 'Pegawai Taman', 'Istana Cipanas ', '3', '2000-02-01', 'd63b5999585c3deed42345a8d2cd3887'),
('AG-067', 'Hendang Supriadi', 'Cianjur', '1981-05-24', 'l', 'Kp.Neglasari rt/rw 003/003 Des.Cipanas Kec.Cipanas', '', 'Pegawai Taman', 'Istana Cipanas', '3', '2000-02-01', '0d61130a6dd5eea85c2c5facfe1c15a7'),
('AG-068', 'Mahpudin', 'Cianjur', '1962-01-01', 'l', 'Kp.Neglasari rt/rw 03/01 des.Cipanas kec.Cipanas kab.Cianjur', '', 'Cleaning Service', 'Istana Cipanas', '3', '2000-02-01', '581ee295a64a85377b524c65b7b7ca6d'),
('AG-069', 'Muhamad Toha', 'Cianjur', '1978-08-11', 'l', 'Kp.Sukasari rt/rw 002/014 Des.Cipanas Kec.Cipanas ', '', 'Cleaning service', 'Istana Cipanas', '3', '2000-02-01', '606cd6e0aeac9340be723e2398efa9a3'),
('AG-070', 'Diah', 'Cianjur ', '1961-07-11', 'p', 'Kp.Ciwalen rt/rw 003/009 Des.Kawungluwuk Kec.Sukaresmi', '', 'Ibu Rumah Tangga', '', '2', '2000-02-01', 'b1980b34d5180cf2051d0fe400cb86e0'),
('AG-071', 'Ade Saripadil', 'Cianjur', '1976-09-13', 'l', 'Kp.Tugaran rt/rw 002/012 Des.Sindanglaya Kec.Cipanas', '', 'Cleaning Service ', 'Istana Cipanas', '3', '2000-02-01', 'c10f277d4d08dfa2cb442f37446dd3ee'),
('AG-072', 'Supartini ', 'Jakarta', '1958-09-10', 'p', 'Komp setneg blk P-50', '085624873799', 'PNS', 'Istana Cipanas', '1', '2000-02-01', '2e43a725a9d7be01c32805a665006f08'),
('AG-073', 'Ganda Suganda ', 'Cianjur', '1972-03-18', 'l', 'Kp.Sukasari rt/rw 001/015 Des.Sindanglaya Kec.Cipanas ', '', 'Cleaning Service', 'Istana Cipanas ', '3', '2000-02-01', 'e6c18e958f4a0d0019e4854de4e09185'),
('AG-074', 'Muslih', 'Cianjur ', '1965-09-29', 'l', 'Kp.Neglasari rt/rw 003/001 Des.Cipanas Kec.Cipanas', '081906543881', 'Cleaning Service ', 'Istana Cipanas ', '3', '2000-02-01', '086edc067e60c0b8c59de250f2f4ec0d'),
('AG-075', 'Deni Sutisna', 'Cianjur ', '1976-09-07', 'l', 'Kp.Cinangsi rt/rw 001/006 Des.Gadog Kec.Pacet', '', 'Cleaning Service', 'Istana Cipanas ', '3', '2000-02-01', '668e4882662276669d8ebdf60b9ea221'),
('AG-076', 'Jaenudin', 'Sukabumi', '1963-04-14', 'l', 'Kp.Sukasari rt/rw 001/004 Des.Sindanglaya Kec.Cipanas', '', 'Cleaning Service ', 'Istana Cipanas', '3', '2000-02-01', 'cc102695d413cea9e6c8d4223a661976'),
('AG-077', 'Rahmat ', 'Cianjur ', '1960-03-10', 'l', 'Kp.Sukasari rt/rw 003/014 Des.Sindanglaya Kec.Cipanas', '', 'Cleaning Service ', 'Istana Cipanas', '3', '2000-02-01', 'af2a4c9d4c4956ec9d6ba62213eed568'),
('AG-078', 'Otim', 'Cianjur ', '1935-08-10', 'p', 'Kp.Sindangsari rt/rw 03/11 Des.Cipanas Kec.Pacet', '', 'Pensiunnan', '', '4', '2000-02-01', '490bd1969e36f0e730c187956db63ee4'),
('AG-079', 'Heru setiawan', 'Cianjur', '1973-07-15', 'l', 'Kp.Neglasari rt/rw 002/001 Des.Cipanas Kec.Cipanas', '', 'Outsourcing', 'Istana Cipanas ', '3', '2000-02-01', 'eefb5c267b9fea52dd9f1a1d7a3fb837'),
('AG-080', 'Tatan Rustandi ', 'Cianjur ', '1977-05-28', 'l', 'Kp.Sindangsari rt/rw 002/011 Des.Cipanas Kec.Cipanas', '', 'Pegawai Taman', 'Istana Cipanas ', '3', '2000-02-01', 'a3d4d92a76ea552c0fad9e5be59cda7a'),
('AG-081', 'Siti Rogayah ', 'Bogor', '1970-04-21', 'p', 'Komplek Istana ', '087714595400', 'Ibu Rumah Tangga ', '', '2', '2000-02-01', 'f4652cc05e39f9b677f821ccf4637129'),
('AG-082', 'Gandi ', 'Cianjur ', '1956-08-28', 'l', 'Kp.Balakang rt/rw 001/007 Des.Sindanglaya Kec.Cipanas', '', 'Cleaning Service', 'Istana Cipanas', '3', '2000-02-01', 'a0c308fa53555d573a38809fb3cba564'),
('AG-083', 'Nining Yuningsih', 'Bogor', '1952-03-25', 'p', 'Kp.Babakan Situ rt/rw 003/006 Des.Cipanas Kec.Cipanas', '', 'Ibu Rumah Tangga', '', '2', '2000-02-01', '5f8db8943d25ac528b8ec3b09cb20974'),
('AG-084', 'Ade Enang Suparji ', 'Cianjur ', '1976-08-24', 'l', 'Komplek Istana ', '', 'PNS', 'Istana Cipanas', '1', '2000-02-01', 'b2e4398163245fbc2b78b6e5c2bc854c'),
('AG-085', 'Sutisna ', 'Cianjur', '1983-11-19', 'l', 'Kp.Sindangsari rt/rw 002/011 Des.Cipanas Kec.Cipanas', '', 'Pegawai Taman', 'Istana Cipanas ', '3', '2000-02-01', 'c8cd066a33a8c967718be0980e2637eb'),
('AG-086', 'Iis Rohayati', 'Cianjur ', '1967-10-06', 'p', 'Komplek Istana', '', 'Ibu Rumah Tangga', 'Istana Cipanas', '3', '2000-02-01', 'dd79ac1d42bd7ebddb5ae3615b0c7825'),
('AG-087', 'Wahyudin ', 'Cianjur ', '1979-01-27', 'l', 'Kp.Sukasari rt/rw 003/015 Des.Cipanas Kec.Cipanas ', '', 'Cleaning Service ', 'Istana Cipanas', '3', '2000-02-01', '3e5ba783a905993007f8d490e0daf863'),
('AG-088', 'Dedi Junaedi ', 'Cianjur ', '1981-07-10', 'l', 'Kp.Gebeo rt/rw 002/013 Des.Cipanas Kec.Cipanas ', '', 'Pegawai Taman ', 'Istana Cipanas ', '3', '2000-02-01', '5eb28fa268f712957c5e33363c87ee81'),
('AG-089', 'Ramdani', 'Cianjur', '1984-06-24', 'l', 'Kp.Malingping rt/rw 003/007 Des.Cimacan Kec.Cipanas ', '', 'Pegawai Taman ', 'Istana Cipanas ', '3', '2000-02-01', 'd466b19c76d86965501e24954150759c'),
('AG-090', 'Ajat Munajat', 'Bandung ', '1977-09-18', 'l', 'Komplek Istana Cipanas rt/rw 001/001 des.Cipanas Kec.Cipanas', '', 'Pegawai taman ', 'Istana Cipanas ', '3', '2000-02-01', '639fa823c986ea7f085d8633d139a1f4'),
('AG-091', 'Maman Somantri', 'Cianjur ', '1974-09-23', 'l', 'Komplek Istana Ciapanas ', '087721411847', 'PNS', 'Istana Cipanas ', '1', '2000-02-01', '81d854ddf40019cc5449c2bb7e93dd4b'),
('AG-092', 'Wawan Ruswandi ', 'Cianjur', '1973-04-22', 'l', 'Kp.Padajaya rt/rw 003/005 Des.SindangJaya Kec.Cipanas ', '', 'Cleaning Service ', 'Istana Cipanas ', '3', '2000-02-01', '6c5441c77f6ab8871aa9d215a6f47b2d'),
('AG-093', 'Nurjaeni Rakhmat ', 'Cianjur ', '1971-07-16', 'l', 'Kp.Neglasari rt/rw 003/001 Des.Cipanas Kec.Cipanas ', '', 'Cleaning Service ', 'Istana Cipanas ', '3', '2000-02-01', 'd9f599d7a7f7c3b067f3421a3eb4f693'),
('AG-094', 'Dama Mursid ', 'Cianjur ', '1949-03-05', 'l', 'KP.Babakan Landbau rt/rw 03/13 Des.Sindanglaya Kec.Cipanas ', '', 'Pensiunnan', '', '4', '2000-02-01', 'f8143616148198c3918d57d16354818f'),
('AG-095', 'Paat', 'Cianjur ', '1945-01-01', 'l', 'Kp.Sukasari rt/rw 03/15 Des.Sindanglaya Kec.Cipanas ', '', 'Pensiunnan ', '', '4', '2000-02-01', 'd2de87f2cc05fa15c90d8a0d113026f8'),
('AG-096', 'Helan Fitriadi ', 'Cianjur ', '1978-09-15', 'l', 'KP.Sarongge rt/rw 002/002 Des.Sirnagalih Kec.Cilaku', '', 'Cleaning Service ', 'Istana Cipanas ', '3', '2000-02-01', '7e962ded1df9bfc82f02b5e7a9e0adb0'),
('AG-097', 'Solihin ', 'Cianjur ', '1980-08-31', 'l', 'Kp.Karang Sari rt/rw 005/002 Des.Babakancaringin Kec.Karangtengah', '', 'Cleaning Service ', 'Istana Cipanas ', '3', '2000-02-01', '318661b7a52b75895b3e75cd9417d2d7'),
('AG-098', 'Aang Burhanudin ', 'Cianjur ', '1978-09-04', 'l', 'Kp.Sindangsari rt/rw 003/001 Des.Cipanas Kec.Cipanas ', '', 'Pegawai Taman ', 'Istana Cipanas ', '3', '2000-02-01', '56a33be3bfc0080d96da43ffd134c572'),
('AG-099', 'Unasih ', 'Cianjur ', '1970-06-20', 'p', 'Kp.Cianangsi rt/rw 001/006 Des.Gadog Kec.Pacet', '', 'Ibu Rumah Tangga ', '', '2', '2000-02-01', '8aa5d9f8b70092a26c42b0560927f3a5'),
('AG-100', 'Edi ', 'Cianjur ', '1968-01-01', 'l', 'Kp.Sukasari rt/rw 001/015 Des.Sindanglaya Kec.Cipanas ', '', 'Outsourcing ', 'Istana Cipanas ', '3', '2000-02-01', '2e3e76effd60e9f467da3103b8eaded4'),
('AG-101', 'Engkus ', 'Cianjur ', '1977-10-03', 'l', 'Kp.Sindangsari rt/rw 002/011 Des.Cipanas Kec.Cipanas ', '', 'Pegawai Taman ', 'Istana Cipanas ', '3', '2000-02-01', '9433e4edee4094154ba49b8c979becae'),
('AG-102', 'Gun gun gunawan ', 'Cianjur ', '1985-09-26', 'l', 'Kp.Karang Sari rt/rw 001/008 Des.Gadog Kec. Pacet ', '', 'Pegawai Taman ', 'Istana Cipanas ', '3', '2000-02-01', '26da3fb8253b4b7eb0a931cddf1c704b'),
('AG-103', 'Dadan Setiadi ', 'Cianjur ', '1981-07-27', 'l', 'Kp.Sindangsari rt/rw 003/011 Des.Cipanas Kec.Cipanas ', '', 'Pegawai Taman ', 'Istana Ciapanas ', '3', '2000-02-01', '5ddebaea68bf11808bad8b2aa13d19d4'),
('AG-104', 'Iyus Rusmana ', 'Sukabumi ', '1959-09-02', 'l', 'Kp.Sukasari rt/rw 003/004 Des.Sindanglaya Kec.Cipanas ', '', 'Pegawai Taman ', 'Istana Cipanas ', '3', '2000-02-01', '9dfdb8a2c39130f3a23da1b0ca194ac2'),
('AG-105', 'Bambang Suswanto ', 'Cianjur ', '1966-02-19', 'l', 'Ex Asrama Brimob rt/rw 04/01 Des.Gadog Kec.Pacet ', '', 'Pegawai Taman ', 'Istana Cipanas ', '3', '2000-02-01', '3139d2d0b7598fc3de926e600240abcf'),
('AG-106', 'Afrizal Arisandi ', 'Cianjur ', '1988-04-03', 'l', 'Kp.Rarahan rt/rw 007/003 Des.Cimacan Kec.Cipanas ', '', 'Pegawai Taman ', 'Istana Cipanas ', '3', '2000-02-01', 'd9da79b15adece913110633aeeb14264'),
('AG-107', 'H Cecep Saepudin ', 'Cianjur ', '1952-12-25', 'l', 'Kp.Lebak Pasir rt/rw 002/005 Des.Palasari Kec.Cipanas ', '', 'Pensiunnan ', '', '4', '2000-02-01', 'a8da84410966e162abe77cd4e07595e5'),
('AG-108', 'Sehabudin ', 'Cianjur ', '1967-06-01', 'l', 'KP Babkan Ciasarua rt/rw 002/013 Des.Sindanglaya Kec.Cipanas ', '', 'Pegawai Taman ', 'Istana Cipanas ', '3', '2000-02-01', 'bb74eef6e5d112159ac0f917019eb586'),
('AG-109', 'Edo Hadi Nugroho ', 'Purwokerto ', '1983-11-29', 'l', 'Komplek Istana rt/rw 001/001 Des.Cipanas Kec.Cipanas ', '087878926129', 'PNS', 'Istana Cipanas ', '1', '2000-02-01', '16b0936f5a85185e8e5c29f2ff1cdc3d'),
('AG-110', 'J Sudardjat ', 'Garut ', '1954-05-01', 'l', 'Kp.Tunggilis Wetan rt/rw 002/002 Des.Ciputri Kec.Pacet ', '', 'Pensiunnan', '', '4', '2000-02-01', '0fe5a7273827a0fc49b70629360c1f05'),
('AG-111', 'Lukman ', 'Bandung ', '1954-04-06', 'l', 'Kp.Landbau rt/rw 002/008 Des.Cipanas Kec.Cipanas ', '', 'Pegawai Taman ', 'Istana Cipanas ', '3', '2000-02-01', '5f1e72e0726307863a43114fdbbaf5b8'),
('AG-112', 'Ardi Robi Irawan ', 'Cianjur ', '1987-12-25', 'l', 'Kp.Cinangsi rt/rw 001/006 Des.Gadog Kec.Pacet ', '', 'Pegawai Taman', 'Istana Cipanas ', '3', '2000-02-01', 'a376b7315a35751651a83697df143caf'),
('AG-113', 'Deri Hermawan ', 'Cianjur ', '1993-01-31', 'l', 'Kp.Sindangsari rt/rw 003/011 Des.Cipanas Kec.Cipanas ', '', 'Pegawai Taman ', 'Istana Cipanas ', '3', '2000-02-01', '3e00a441bad51878e34d47e344076fc9'),
('AG-114', 'Maulidi Augustiana Sidik ', 'Cianjur ', '1994-08-29', 'l', 'Komplek Istana Cipanas ', '', 'Pegawai Taman ', 'Istana Cipanas ', '3', '2000-02-01', '9ee0d590bcdd6a3a27ce753f1194ab2d'),
('AG-115', 'Yudi Supriyadi ', 'Cianjur ', '1982-07-16', 'l', 'Kp.Sindangsari rt/rw 002/011 Des.Cipanas Kec.Cipanas ', '', 'Pegawai Taman ', 'Istana Cipanas ', '3', '2000-02-01', 'fea5c4d16483d1681943e1cadc417f47'),
('AG-116', 'Abdul Aziz ', 'Cianjur ', '1985-04-01', 'l', 'Kp.Neglasari rt/rw 002/002 Des.Cipanas Kec.Cipanas ', '', 'Cleaning Service ', 'Istana Cipanas ', '3', '2000-02-01', 'bd512bd6cecaf72bf3109cd8347c96df'),
('AG-117', 'Anda Suganda ', 'Cianjur ', '1955-04-07', 'l', 'Kp.Pasekon ', '', 'Pensiunnan ', '', '4', '2000-02-01', '360fd0e51509f1eef0b597a4c0e2b2cf'),
('AG-118', 'Agus Riyanto ', 'Jakarta', '1982-08-18', 'l', 'Komplek Istana ', '081387634539', 'PNS', 'Istana Cipanas ', '1', '2000-02-01', 'e65aa20bca7a9f29eca12f6b76f12e88'),
('AG-119', 'Neni Aprilianti ', 'Sukabumi ', '1986-04-21', 'p', 'Komplek Istana Cipanas rt/rw 001/001 Des.Cipanas Kec.Cipanas ', '081320480586', 'PNS ', 'Istana Cipanas ', '1', '2000-02-01', '67dce45c08bf26a315376c69c198b74a'),
('AG-120', 'Suroso Kartaatmaja ', 'Brebes ', '1964-11-20', 'l', 'JL.Puskesmas No.60 rt/rw 008/003 Des.Ceger Kec.Cipayung ', '081281919364', 'PNS ', 'Istana Cipanas ', '1', '2000-02-01', 'a965251d47ce8bea72fde237044301aa'),
('AG-121', 'Bayu Asmoyo ', 'Cianjur ', '1985-07-11', 'l', 'Kp.Neglasari rt/rw 002/001 Des.Cipanas Kec.Cipanas ', '', 'Outsourcing ', 'Istana Cipanas ', '3', '2000-02-01', '60710dddcc3fb1386b20bfc36b1e5d5d'),
('AG-122', 'Dayat Hidayat ', 'Cianjur ', '1973-04-17', 'l', 'Kp.Gbo rt/rw 002/012 Des.Cipanas Kec.Cipanas ', '', 'Outsourcing ', 'Istana Cipanas ', '3', '2000-02-01', '9ba648d466344433590f9d96fa171d87'),
('AG-123', 'D Kusnadi ', 'Cianjur ', '1957-01-01', 'l', 'Kp.Pasantren ', '', 'Pensiunnan ', '', '4', '2000-02-01', 'df0bf1c321c5088513e69462007289f8'),
('AG-124', 'Sambasi ', 'Cianjur ', '1956-12-12', 'l', 'Komplek Istana Cipanas ', '', 'Pensiunnan ', '', '4', '2000-02-01', '91ba6915fb90699aa4c9cf3cb4f0c728'),
('AG-125', 'Sumiati ', 'Cianjur ', '1960-10-08', 'p', 'Komplek Istana Cipanas ', '', 'Ibu Rumah Tangga ', '', '2', '2000-02-01', '191859a25d749a3ca207a00c6fc28127'),
('AG-126', 'Hedi ', 'Cianjur ', '1992-08-10', 'l', 'Kp.Sukasari rt/rw 002/015 Des.Sindanglaya Kec.Cipanas ', '', 'Cleaning Service ', 'Istana Cipanas ', '3', '2000-02-01', '5c80c950f93379717869e07e6f404b9b'),
('AG-127', 'Dani Rijatnika ', 'Cianjur ', '1993-01-22', 'l', 'Kp.Landbau rt/rw 004/008 Des.Cipanas Kec.Cipanas ', '', 'Pegawai Taman ', 'Istana Cipanas ', '3', '2000-02-01', '9b84c22f4bd6f4cc7526abf022bcb9d6'),
('AG-128', 'Aditia Permana ', 'Cianjur ', '1993-11-11', 'l', 'Kp.Babakan Situ rt/rw 001/007 Des.Cipanas Kec.Cipanas ', '', 'Pegawai Taman ', 'Istana Cipanas ', '3', '2000-02-01', '451a0bfedc90367b73f5d0b672ce7d87'),
('AG-129', 'Tafsir ', 'Cianjur ', '1970-07-07', 'l', 'Kp.Ciwalen rt/rw 004/009 Des.Kawungluwuk Kec.Sukaresmi ', '', 'Pegawai Taman ', 'Istana Cipanas ', '3', '2000-02-01', 'eec40b8c7a51ae927de2e30e26da2b3f'),
('AG-130', ' Rahmat Hidayat', 'Cianjur ', '1982-05-09', 'l', 'Kp.Neglasari rt/rw 003/002 Des.Cipanas Kec.Cipanas ', '', 'Pegawai Taman ', 'Istana Cipanas ', '3', '2000-02-01', 'bf7def6df5697beab36fbd94fa48e9ed'),
('AG-131', 'Puloh Saepuloh ', 'Sukabumi ', '1977-05-10', 'l', 'Kp.Neglasari rt/rw 003/001 Des.Cipanas Kec.Cipanas ', '', 'PNS ', 'Istana Cipanas ', '1', '2000-02-01', '2bf41f6c7c3b58f7e8c68846af79e505'),
('AG-132', 'Eti Kusmiati ', 'Cianjur ', '1957-05-02', 'p', 'Komplek Perum Landbow rt/rw 005/015 Des.Sindanglaya Kec.Cipanas ', '', 'Pensiunnan ', '', '4', '2000-02-01', '9a2b9a965ba1b38c9079c046d8e5265c'),
('AG-133', 'Maman ', 'Cianjur ', '1962-07-13', 'l', 'Kp.Cikahuripan rt/rw 001/005 Des.Cibodas Kec.Pacet ', '', 'Pegawai Taman ', 'Istana Cipanas ', '3', '2000-02-01', '6ffee7d3af984c95d72d813efda2d919'),
('AG-134', 'Dani Ramdani ', 'Cianjur ', '1987-07-03', 'l', 'Kp.Cibadak rt/rw 002/002 Des.Sukanagalih Kec.Pacet ', '', 'Cleaning Service ', 'Istana Cipanas ', '3', '2000-02-01', 'aad37a890a54c603a166dad47c5dff5f'),
('AG-135', 'Suparman ', 'Cianjur ', '1959-05-26', 'l', 'Kp.Pasekon rt/rw 004/014 Des.Cipendawa Kec.Pacet ', '', 'Outsourcing ', 'Istana Cipanas ', '3', '2000-02-01', 'b83b5b75eaa28e0100a66ebee52e1812'),
('AG-136', 'Johanudin Maulana ', 'Cianjur ', '1989-08-10', 'l', 'Kp.Rarahan rt/rw 005/007 Des.Cimacan Kec.Cipanas ', '', 'Pegawai Taman ', 'Istana Cipanas ', '3', '2000-02-01', '4e68faaf77afc81aaabc06c9ef4ff31b'),
('AG-137', 'Titin Sulastri ', 'Ngawi ', '1985-11-05', 'p', 'Komplek Istana rt/rw 001/001 Des.Cipanas Kec.Cipanas', '', 'Ibu Rumah Tangga ', '', '2', '2000-02-01', '847fa804447b1cf1c507cecf6871e926'),
('AG-138', 'Hoerudin ', 'Cianjur ', '1974-03-10', 'l', 'Kp.Kawungluwuk hilir rt/rw 001/002 Des.Kawungluwuk Kec.Sukaresmi ', '', 'Pegawai Taman ', 'Istana Cipanas ', '3', '2000-02-01', '62328b88316cee576feb8a6a4e13fce0'),
('AG-139', 'Iis Rohita', 'Cianjur ', '1975-03-07', 'p', 'Komplek Istana rt/rw 001/001 Des.Cipanas Kec.Cipanas ', '', 'Ibu Rumah Tangga ', '', '2', '2000-02-01', '28fae598cf7598391c7ae7d6fa487794'),
('AG-140', 'Reko Pribadi ', 'Cianjur ', '1993-04-09', 'l', 'Kp.Sindangsari ', '', 'Pegawai Taman ', 'Istana Cipanas ', '3', '2000-02-01', '7771a8343a3aeca82e8b3d27912793fb'),
('AG-141', 'Lena Yuliani', 'Cianjur ', '1989-08-20', 'p', 'Kp.Rarahan rt/rw 003/004 Des.Cimacan Kec.Cipanas ', '', 'Outsourcing ', 'Istana Cipanas ', '3', '2000-02-01', '76f60551ca2772d8e1a0ce8e88bb1a81'),
('AG-142', 'Priantono  ', 'Cianjur ', '1996-05-02', 'l', 'Kp.Sukasari rt/rw 001/014 Des.Sindanglaya Kec.Cipanas ', '', 'Rekanan ', 'Istana Cipanas', '3', '2000-02-01', '37aad745f283ed98d043c2503412862a'),
('AG-143', 'Popon jaelani', 'Cianjur', '1979-01-04', 'l', 'Kp.Babakan Cisarua rt/rw 001/014 Des.Sindanglaya Kec.Cipanas', '', 'Pegawai Taman', 'Istana Cipanas', '3', '2000-02-01', '64a05f7ca455f14668b080b7c27aa4e4'),
('AG-144', 'Ade Parshid', 'Cianujur ', '1962-04-24', 'l', 'Kp.Pasekon rt/rw 001/013 Des.Cipendawa Kec.Pacet', '', 'Pegawai Taman ', 'Istana Cipanas', '3', '2000-02-01', 'c342a9c39e743691859c212685745af4');

-- --------------------------------------------------------

--
-- Struktur dari tabel `tbl_angsuran`
--

CREATE TABLE IF NOT EXISTS `tbl_angsuran` (
  `angsuran_id` varchar(15) COLLATE latin1_general_ci NOT NULL,
  `pinjaman_id` varchar(15) COLLATE latin1_general_ci NOT NULL,
  `angsuran_tempo` date NOT NULL,
  `angsuran_tgl` date NOT NULL,
  `angsuran_bln_periode` int(2) NOT NULL,
  `angsuran_thn_periode` int(4) NOT NULL,
  `angsuran_ke` int(11) NOT NULL,
  `angsuran` double NOT NULL,
  `angsuran_jasa` double NOT NULL,
  `angsuran_total` double NOT NULL,
  PRIMARY KEY (`angsuran_id`)
) ENGINE=MyISAM DEFAULT CHARSET=latin1 COLLATE=latin1_general_ci;

-- --------------------------------------------------------

--
-- Struktur dari tabel `tbl_konten`
--

CREATE TABLE IF NOT EXISTS `tbl_konten` (
  `konten_id` int(11) NOT NULL AUTO_INCREMENT,
  `konten_judul` varchar(100) COLLATE latin1_general_ci NOT NULL DEFAULT ' ',
  `konten_des` text COLLATE latin1_general_ci NOT NULL,
  `konten_tgl` varchar(25) COLLATE latin1_general_ci NOT NULL DEFAULT ' ',
  PRIMARY KEY (`konten_id`)
) ENGINE=MyISAM  DEFAULT CHARSET=latin1 COLLATE=latin1_general_ci AUTO_INCREMENT=5 ;

--
-- Dumping data untuk tabel `tbl_konten`
--

INSERT INTO `tbl_konten` (`konten_id`, `konten_judul`, `konten_des`, `konten_tgl`) VALUES
(1, 'Sistem Informasi Kopenas', 'Sistem Informasi Koperasi Pegawai Istana Cipanas</b> atau disingkat dengan <b>Sistem Informasi Kopenas</b> merupakan Halaman yang disediakan untuk mengelola data-data transaksi yang dilakukan oleh anggota Koperasi Pegawai Istana Cipanas \r\n\r\nSistem Informasi ini memberikan beberapa layanan kepada para anggotanya.\r\nAnggota koperasi dapat mengakses beberapa informasi meliputi\r\n', '13 Apr 2015'),
(2, 'Profil Kopenas', 'Koperasi Pegawai Istana Cipanas adalah koperasi yang didirikan di lingkungan Istana Cipanas. Pada 22 November 2000 dibentuk Koperasi Pegawai Istana Cipanas yang anggotanya Pegawai Negeri Sipil dan Tenaga Honorer Istana Cipanas dan melalui rapat anggota dibentuk kepengurusan. Koperasi Pegawai Istana Cipanas telah berbadan hukum melalui Dinkop Cianjur No. 141/BH/KDK.107/XI/2000.<br>\r\n\r\n', '13 Apr 2015'),
(3, 'Kontak Kami', 'Contact Us :\r\nSilahkan untuk menghubungi kami jika ada kesulitan\r\nkontak kami di <b> kopenas.iscip@gmail.com \r\natau melalui No.Handpone : +6281 1111 2222\r\n', '13 Apr 2015'),
(4, 'Tentang Kopenas', 'Koperasi Pegawai Istana Cipanas (KOPENAS) adalah sebuah Kperasi yang menjalankan aktivitasnya di lingkungan Istana Cipanas. Salah satu usaha yang dijalankannya adalah Usaha Simpan Pinjam\r\n', '13 Apr 2015');

-- --------------------------------------------------------

--
-- Struktur dari tabel `tbl_penarikan`
--

CREATE TABLE IF NOT EXISTS `tbl_penarikan` (
  `penarikan_id` varchar(15) COLLATE latin1_general_ci NOT NULL,
  `simpanan_id` varchar(15) COLLATE latin1_general_ci NOT NULL,
  `penarikan_tgl` date NOT NULL,
  `penarikan_total` double NOT NULL,
  `penarikan_tipe` varchar(1) COLLATE latin1_general_ci NOT NULL,
  `penarikan_catatan` varchar(100) COLLATE latin1_general_ci NOT NULL,
  PRIMARY KEY (`penarikan_id`)
) ENGINE=MyISAM DEFAULT CHARSET=latin1 COLLATE=latin1_general_ci;

--
-- Dumping data untuk tabel `tbl_penarikan`
--

INSERT INTO `tbl_penarikan` (`penarikan_id`, `simpanan_id`, `penarikan_tgl`, `penarikan_total`, `penarikan_tipe`, `penarikan_catatan`) VALUES
('PN-001', 'SP-003', '2016-03-31', 200000, '2', ''),
('PN-002', 'SP-004', '2016-04-15', 100000, '2', ''),
('PN-003', 'SP-005', '2016-01-19', 200000, '2', ''),
('PN-004', 'SP-005', '2016-03-30', 300000, '2', ''),
('PN-005', 'SP-011', '2016-03-22', 1500000, '2', ''),
('PN-006', 'SP-011', '2016-04-15', 1000000, '2', ''),
('PN-007', 'SP-016', '2016-03-11', 1000000, '2', ''),
('PN-008', 'SP-018', '2016-04-15', 100000, '2', ''),
('PN-009', 'SP-020', '2016-02-29', 1400000, '2', ''),
('PN-010', 'SP-021', '2016-03-11', 300000, '2', ''),
('PN-011', 'SP-021', '2016-04-07', 200000, '2', ''),
('PN-012', 'SP-023', '2016-03-23', 300000, '2', ''),
('PN-013', 'SP-024', '2016-04-23', 200000, '2', ''),
('PN-014', 'SP-025', '2016-01-19', 150000, '2', ''),
('PN-015', 'SP-025', '2016-04-15', 150000, '2', ''),
('PN-016', 'SP-027', '2016-03-22', 400000, '2', ''),
('PN-017', 'SP-031', '2016-04-08', 300000, '2', ''),
('PN-018', 'SP-033', '2016-01-15', 500000, '2', ''),
('PN-019', 'SP-033', '2016-02-09', 500000, '2', ''),
('PN-020', 'SP-033', '2016-03-08', 500000, '2', ''),
('PN-032', 'SP-033', '2016-04-01', 500000, '2', ''),
('PN-022', 'SP-036', '2016-04-04', 800000, '2', ''),
('PN-023', 'SP-037', '2016-01-15', 150000, '2', ''),
('PN-024', 'SP-037', '2016-03-24', 100000, '2', ''),
('PN-025', 'SP-038', '2016-02-12', 200000, '2', ''),
('PN-026', 'SP-038', '2016-04-12', 300000, '2', ''),
('PN-027', 'SP-039', '2016-01-19', 2000000, '2', ''),
('PN-028', 'SP-039', '2016-03-30', 1500000, '2', ''),
('PN-029', 'SP-040', '2016-02-23', 300000, '2', ''),
('PN-030', 'SP-041', '2016-03-24', 600000, '2', ''),
('PN-031', 'SP-042', '2016-03-18', 200000, '2', ''),
('PN-033', 'SP-042', '2016-04-01', 50000, '2', ''),
('PN-034', 'SP-043', '2016-03-24', 100000, '2', ''),
('PN-035', 'SP-044', '2016-03-30', 150000, '2', ''),
('PN-036', 'SP-046', '2016-02-24', 500000, '2', ''),
('PN-037', 'SP-091', '2016-03-23', 200000, '2', ''),
('PN-038', 'SP-119', '2016-01-26', 200000, '2', '');

-- --------------------------------------------------------

--
-- Struktur dari tabel `tbl_pinjaman`
--

CREATE TABLE IF NOT EXISTS `tbl_pinjaman` (
  `pinjaman_id` varchar(15) COLLATE latin1_general_ci NOT NULL,
  `anggota_id` varchar(15) COLLATE latin1_general_ci NOT NULL,
  `pinjaman_tgl_pengajuan` date NOT NULL,
  `pinjaman_tgl_pinjam` date NOT NULL,
  `pinjaman` double NOT NULL,
  `pinjaman_provisi` double NOT NULL,
  `pinjaman_angsuran` int(2) NOT NULL,
  `pinjaman_tempo` int(2) NOT NULL,
  `pinjaman_pokok` double NOT NULL,
  `pinjaman_jasa` double NOT NULL,
  `pinjaman_total` double NOT NULL,
  `pinjaman_angsuran_masuk` double NOT NULL DEFAULT '0',
  `pinjaman_angsuran_sisa` double NOT NULL,
  `pinjaman_catatan` varchar(100) COLLATE latin1_general_ci NOT NULL,
  `pinjaman_ind` varchar(1) COLLATE latin1_general_ci NOT NULL,
  PRIMARY KEY (`pinjaman_id`)
) ENGINE=MyISAM DEFAULT CHARSET=latin1 COLLATE=latin1_general_ci;

-- --------------------------------------------------------

--
-- Struktur dari tabel `tbl_simpanan`
--

CREATE TABLE IF NOT EXISTS `tbl_simpanan` (
  `simpanan_id` varchar(15) COLLATE latin1_general_ci NOT NULL,
  `anggota_id` varchar(15) COLLATE latin1_general_ci NOT NULL,
  `simpanan_pokok` double NOT NULL DEFAULT '0',
  `simpanan_wajib` double NOT NULL DEFAULT '0',
  `simpanan_sukarela` double NOT NULL DEFAULT '0',
  `simpanan_hari_raya` double NOT NULL DEFAULT '0',
  `simpanan_total` double NOT NULL DEFAULT '0',
  PRIMARY KEY (`simpanan_id`)
) ENGINE=MyISAM DEFAULT CHARSET=latin1 COLLATE=latin1_general_ci;

--
-- Dumping data untuk tabel `tbl_simpanan`
--

INSERT INTO `tbl_simpanan` (`simpanan_id`, `anggota_id`, `simpanan_pokok`, `simpanan_wajib`, `simpanan_sukarela`, `simpanan_hari_raya`, `simpanan_total`) VALUES
('SP-034', 'AG-034', 100000, 2753000, 1381000, 4000000, 8234000),
('SP-002', 'AG-002', 100000, 2696000, 41050000, 4500000, 48346000),
('SP-003', 'AG-003', 100000, 2703000, 36000, 900000, 3739000),
('SP-004', 'AG-004', 100000, 2753000, 90000, 2500000, 5443000),
('SP-005', 'AG-005', 100000, 2753000, 110000, 2500000, 5463000),
('SP-006', 'AG-006', 100000, 2703000, 140000, 4500000, 7443000),
('SP-007', 'AG-007', 100000, 2753000, 1161000, 3000000, 7014000),
('SP-008', 'AG-008', 100000, 2753000, 523000, 500000, 3876000),
('SP-009', 'AG-009', 100000, 2703000, 265000, 4500000, 7568000),
('SP-010', 'AG-010', 100000, 2753000, 201000, 2500000, 5554000),
('SP-011', 'AG-011', 100000, 2703000, 2373500, 4500000, 9676500),
('SP-012', 'AG-012', 100000, 2753000, 853000, 3000000, 6706000),
('SP-013', 'AG-013', 100000, 2753000, 1915000, 10000000, 14768000),
('SP-014', 'AG-014', 100000, 2753000, 99000, 5000000, 7952000),
('SP-015', 'AG-015', 100000, 2753000, 2159000, 2000000, 7012000),
('SP-016', 'AG-016', 100000, 2703000, 2947000, 1200000, 6950000),
('SP-017', 'AG-017', 100000, 2753000, 1097000, 3000000, 6950000),
('SP-018', 'AG-018', 100000, 2753000, 22000, 2500000, 5375000),
('SP-019', 'AG-019', 100000, 2753000, 3950000, 2000000, 8803000),
('SP-020', 'AG-020', 100000, 2753000, 471000, 5000000, 8324000),
('SP-021', 'AG-021', 100000, 2753000, 238000, 2000000, 5091000),
('SP-022', 'AG-022', 100000, 2753000, 112411000, 3000000, 118264000),
('SP-023', 'AG-023', 100000, 2753000, 127000, 1000000, 3980000),
('SP-024', 'AG-024', 100000, 2753000, 426000, 2500000, 5779000),
('SP-025', 'AG-025', 100000, 2753000, 79000, 3000000, 5932000),
('SP-026', 'AG-026', 100000, 2753000, 179000, 4500000, 7532000),
('SP-027', 'AG-027', 100000, 2753000, 374000, 3000000, 6227000),
('SP-028', 'AG-028', 100000, 2753000, 2746000, 2000000, 7599000),
('SP-029', 'AG-029', 100000, 2753000, 1736000, 1000000, 5589000),
('SP-030', 'AG-030', 100000, 2753000, 386000, 5000000, 8239000),
('SP-031', 'AG-031', 100000, 2753000, 17000, 2500000, 5370000),
('SP-032', 'AG-032', 100000, 2753000, 8977000, 2000000, 13830000),
('SP-033', 'AG-033', 100000, 2753000, 50000, 1200000, 4103000),
('SP-035', 'AG-035', 100000, 2753000, 13526000, 5000000, 21379000),
('SP-036', 'AG-036', 100000, 2753000, 2856000, 5000000, 10709000),
('SP-037', 'AG-037', 100000, 2753000, 56000, 3000000, 5909000),
('SP-038', 'AG-038', 100000, 2753000, 124000, 5000000, 7977000),
('SP-039', 'AG-039', 100000, 2753000, 6458000, 2000000, 11311000),
('SP-040', 'AG-040', 100000, 2753000, 210000, 2000000, 5063000),
('SP-041', 'AG-041', 100000, 2753000, 2566000, 3000000, 8419000),
('SP-042', 'AG-042', 100000, 2703000, 10000, 2700000, 5513000),
('SP-043', 'AG-043', 100000, 2753000, 111000, 1500000, 4464000),
('SP-044', 'AG-044', 100000, 2753000, 51000, 1000000, 3904000),
('SP-045', 'AG-045', 100000, 2753000, 109000, 1500000, 4462000),
('SP-046', 'AG-046', 100000, 2753000, 387000, 2000000, 5240000),
('SP-047', 'AG-047', 100000, 2753000, 28278000, 850000, 31981000),
('SP-048', 'AG-048', 100000, 2753000, 13827000, 1700000, 18380000),
('SP-060', 'AG-060', 100000, 0, 0, 0, 100000),
('SP-050', 'AG-050', 100000, 0, 0, 0, 100000),
('SP-051', 'AG-051', 100000, 0, 0, 0, 100000),
('SP-052', 'AG-052', 100000, 0, 0, 0, 100000),
('SP-053', 'AG-053', 100000, 0, 0, 0, 100000),
('SP-054', 'AG-054', 100000, 0, 0, 0, 100000),
('SP-055', 'AG-055', 100000, 0, 0, 0, 100000),
('SP-056', 'AG-056', 100000, 0, 0, 0, 100000),
('SP-057', 'AG-057', 100000, 0, 0, 0, 100000),
('SP-058', 'AG-058', 100000, 0, 0, 0, 100000),
('SP-059', 'AG-059', 100000, 0, 0, 0, 100000),
('SP-061', 'AG-061', 100000, 0, 0, 0, 100000),
('SP-062', 'AG-062', 100000, 0, 0, 0, 100000),
('SP-063', 'AG-063', 100000, 0, 0, 0, 100000),
('SP-064', 'AG-064', 100000, 2698000, 8000000, 1000000, 11798000),
('SP-065', 'AG-065', 100000, 0, 0, 0, 100000),
('SP-066', 'AG-066', 100000, 0, 0, 0, 100000),
('SP-067', 'AG-067', 100000, 0, 0, 0, 100000),
('SP-068', 'AG-068', 100000, 0, 0, 0, 100000),
('SP-069', 'AG-069', 100000, 0, 0, 0, 100000),
('SP-070', 'AG-070', 100000, 2693000, 991000, 3000000, 6784000),
('SP-071', 'AG-071', 100000, 0, 0, 0, 100000),
('SP-072', 'AG-072', 100000, 2625000, 7000000, 5000000, 14725000),
('SP-073', 'AG-073', 100000, 0, 0, 0, 100000),
('SP-074', 'AG-074', 100000, 0, 0, 0, 100000),
('SP-075', 'AG-075', 100000, 0, 0, 0, 100000),
('SP-076', 'AG-076', 100000, 0, 0, 0, 100000),
('SP-077', 'AG-077', 100000, 0, 0, 0, 100000),
('SP-078', 'AG-078', 100000, 0, 0, 0, 100000),
('SP-079', 'AG-079', 100000, 0, 0, 0, 100000),
('SP-080', 'AG-080', 100000, 0, 0, 0, 100000),
('SP-081', 'AG-081', 100000, 0, 0, 0, 100000),
('SP-082', 'AG-082', 100000, 0, 0, 0, 100000),
('SP-083', 'AG-083', 100000, 0, 0, 0, 100000),
('SP-084', 'AG-084', 100000, 2467000, 265000, 3000000, 5832000),
('SP-085', 'AG-085', 100000, 0, 0, 0, 100000),
('SP-086', 'AG-086', 100000, 0, 0, 0, 100000),
('SP-087', 'AG-087', 100000, 0, 0, 0, 100000),
('SP-088', 'AG-088', 100000, 0, 0, 0, 100000),
('SP-089', 'AG-089', 100000, 0, 0, 0, 100000),
('SP-090', 'AG-090', 100000, 0, 0, 0, 100000),
('SP-091', 'AG-091', 100000, 2275000, 215000, 2000000, 4590000),
('SP-092', 'AG-092', 100000, 0, 0, 0, 100000),
('SP-093', 'AG-093', 100000, 0, 0, 0, 100000),
('SP-094', 'AG-094', 100000, 0, 0, 0, 100000),
('SP-095', 'AG-095', 100000, 0, 0, 0, 100000),
('SP-096', 'AG-096', 100000, 0, 0, 0, 100000),
('SP-097', 'AG-097', 100000, 0, 0, 0, 100000),
('SP-098', 'AG-098', 100000, 0, 0, 0, 100000),
('SP-099', 'AG-099', 100000, 0, 0, 0, 100000),
('SP-100', 'AG-100', 100000, 0, 0, 0, 100000),
('SP-101', 'AG-101', 100000, 0, 0, 0, 100000),
('SP-102', 'AG-102', 100000, 0, 0, 0, 100000),
('SP-103', 'AG-103', 100000, 0, 0, 0, 100000),
('SP-104', 'AG-104', 100000, 0, 0, 0, 100000),
('SP-105', 'AG-105', 100000, 0, 0, 0, 100000),
('SP-106', 'AG-106', 100000, 0, 0, 0, 100000),
('SP-107', 'AG-107', 100000, 0, 0, 0, 100000),
('SP-108', 'AG-108', 100000, 0, 0, 0, 100000),
('SP-109', 'AG-109', 100000, 1905000, 6925000, 3500000, 12430000),
('SP-110', 'AG-110', 100000, 0, 0, 0, 100000),
('SP-111', 'AG-111', 100000, 0, 0, 0, 100000),
('SP-112', 'AG-112', 100000, 0, 0, 0, 100000),
('SP-113', 'AG-113', 100000, 0, 0, 0, 100000),
('SP-114', 'AG-114', 100000, 0, 0, 0, 100000),
('SP-115', 'AG-115', 100000, 0, 0, 0, 100000),
('SP-116', 'AG-116', 100000, 0, 0, 0, 100000),
('SP-117', 'AG-117', 100000, 0, 0, 0, 100000),
('SP-118', 'AG-118', 100000, 1665000, 0, 1000000, 2765000),
('SP-119', 'AG-119', 100000, 1585000, 500000, 1800000, 3985000),
('SP-120', 'AG-120', 100000, 1425000, 1155000, 2700000, 5380000),
('SP-121', 'AG-121', 100000, 0, 0, 0, 100000),
('SP-122', 'AG-122', 100000, 0, 0, 0, 100000),
('SP-123', 'AG-123', 100000, 0, 0, 0, 100000),
('SP-124', 'AG-124', 100000, 0, 0, 0, 100000),
('SP-125', 'AG-125', 100000, 0, 0, 0, 100000),
('SP-126', 'AG-126', 100000, 0, 0, 0, 100000),
('SP-127', 'AG-127', 100000, 0, 0, 0, 100000),
('SP-128', 'AG-128', 100000, 0, 0, 0, 100000),
('SP-129', 'AG-129', 100000, 0, 0, 0, 100000),
('SP-130', 'AG-130', 100000, 0, 0, 0, 100000),
('SP-131', 'AG-131', 100000, 1200000, 875000, 3000000, 5175000),
('SP-132', 'AG-132', 100000, 0, 0, 0, 100000),
('SP-133', 'AG-133', 100000, 0, 0, 0, 100000),
('SP-134', 'AG-134', 100000, 0, 0, 0, 100000),
('SP-135', 'AG-135', 100000, 0, 0, 0, 100000),
('SP-136', 'AG-136', 100000, 0, 0, 0, 100000),
('SP-137', 'AG-137', 100000, 50000, 0, 0, 150000),
('SP-138', 'AG-138', 100000, 0, 0, 0, 100000),
('SP-139', 'AG-139', 100000, 50000, 0, 0, 150000),
('SP-140', 'AG-140', 100000, 0, 0, 0, 100000),
('SP-141', 'AG-141', 100000, 0, 0, 0, 100000),
('SP-142', 'AG-142', 100000, 0, 0, 0, 100000),
('SP-143', 'AG-143', 100000, 0, 0, 0, 100000),
('SP-144', 'AG-144', 100000, 0, 0, 0, 100000);

-- --------------------------------------------------------

--
-- Struktur dari tabel `tbl_simpanan_detil`
--

CREATE TABLE IF NOT EXISTS `tbl_simpanan_detil` (
  `simpanan_detil_id` int(5) NOT NULL AUTO_INCREMENT,
  `simpanan_id` varchar(15) COLLATE latin1_general_ci NOT NULL,
  `simpanan_detil_tgl` date NOT NULL,
  `simpanan_detil_bln_periode` int(2) NOT NULL,
  `simpanan_detil_thn_periode` int(4) NOT NULL,
  `simpanan_detil_pokok` double DEFAULT NULL,
  `simpanan_detil_wajib` double NOT NULL,
  `simpanan_detil_sukarela` double NOT NULL,
  `simpanan_detil_hari_raya` double NOT NULL,
  `simpanan_detil_total` double NOT NULL,
  PRIMARY KEY (`simpanan_detil_id`)
) ENGINE=MyISAM  DEFAULT CHARSET=latin1 COLLATE=latin1_general_ci AUTO_INCREMENT=337 ;

--
-- Dumping data untuk tabel `tbl_simpanan_detil`
--

INSERT INTO `tbl_simpanan_detil` (`simpanan_detil_id`, `simpanan_id`, `simpanan_detil_tgl`, `simpanan_detil_bln_periode`, `simpanan_detil_thn_periode`, `simpanan_detil_pokok`, `simpanan_detil_wajib`, `simpanan_detil_sukarela`, `simpanan_detil_hari_raya`, `simpanan_detil_total`) VALUES
(25, 'SP-003', '2015-12-31', 4, 2016, 0, 2553000, 86000, 600000, 3239000),
(21, 'SP-002', '2015-12-31', 4, 2016, 0, 2546000, 21050000, 3000000, 26596000),
(13, 'SP-034', '2015-12-31', 4, 2016, 0, 2553000, 1281000, 0, 3834000),
(14, 'SP-034', '2016-01-02', 4, 2016, 0, 50000, 25000, 0, 75000),
(20, 'SP-034', '2015-12-21', 4, 2016, 0, 0, 0, 4000000, 4000000),
(16, 'SP-034', '2016-02-02', 4, 2016, 0, 50000, 25000, 0, 75000),
(17, 'SP-034', '2016-03-02', 4, 2016, 0, 50000, 25000, 0, 75000),
(18, 'SP-034', '2016-04-05', 4, 2016, 0, 50000, 25000, 0, 75000),
(22, 'SP-002', '2016-01-20', 4, 2016, 0, 50000, 10000000, 500000, 10550000),
(23, 'SP-002', '2016-02-20', 4, 2016, 0, 50000, 0, 500000, 550000),
(24, 'SP-002', '2016-03-20', 4, 2016, 0, 50000, 10000000, 500000, 10550000),
(26, 'SP-003', '2016-01-20', 4, 2016, 0, 50000, 50000, 100000, 200000),
(27, 'SP-003', '2016-02-20', 4, 2016, 0, 50000, 50000, 100000, 200000),
(28, 'SP-003', '2016-03-20', 4, 2016, 0, 50000, 50000, 100000, 200000),
(29, 'SP-004', '2015-12-31', 4, 2016, 0, 2553000, 90000, 1500000, 4143000),
(30, 'SP-004', '2016-01-02', 4, 2016, 0, 50000, 25000, 250000, 325000),
(31, 'SP-004', '2016-02-02', 4, 2016, 0, 50000, 25000, 250000, 325000),
(32, 'SP-004', '2016-03-02', 4, 2016, 0, 50000, 25000, 250000, 325000),
(33, 'SP-004', '2016-04-05', 4, 2016, 0, 50000, 25000, 250000, 325000),
(34, 'SP-005', '2015-12-31', 4, 2016, 0, 2553000, 210000, 1500000, 4263000),
(35, 'SP-005', '2016-01-02', 4, 2016, 0, 50000, 100000, 250000, 400000),
(36, 'SP-005', '2016-02-02', 4, 2016, 0, 50000, 100000, 250000, 400000),
(37, 'SP-005', '2016-03-02', 4, 2016, 0, 50000, 100000, 250000, 400000),
(38, 'SP-005', '2016-04-05', 4, 2016, 0, 50000, 100000, 250000, 400000),
(39, 'SP-006', '2015-12-31', 4, 2016, 0, 2553000, 110000, 3000000, 5663000),
(40, 'SP-006', '2016-01-20', 4, 2016, 0, 50000, 10000, 500000, 560000),
(41, 'SP-006', '2016-02-20', 4, 2016, 0, 50000, 10000, 500000, 560000),
(44, 'SP-007', '2015-12-31', 4, 2016, 0, 2553000, 1081000, 1800000, 5434000),
(43, 'SP-006', '2016-03-20', 4, 2016, 0, 50000, 10000, 500000, 560000),
(45, 'SP-007', '2016-01-02', 4, 2016, 0, 50000, 20000, 300000, 370000),
(46, 'SP-007', '2016-02-02', 4, 2016, 0, 50000, 20000, 300000, 370000),
(47, 'SP-007', '2016-03-02', 4, 2016, 0, 50000, 20000, 300000, 370000),
(48, 'SP-007', '2016-04-05', 4, 2016, 0, 50000, 20000, 300000, 370000),
(49, 'SP-008', '2015-12-31', 4, 2016, 0, 2553000, 511000, 300000, 3364000),
(50, 'SP-008', '2016-01-02', 4, 2016, 0, 50000, 3000, 50000, 103000),
(51, 'SP-008', '2016-02-02', 4, 2016, 0, 50000, 3000, 50000, 103000),
(52, 'SP-008', '2016-03-02', 4, 2016, 0, 50000, 3000, 50000, 103000),
(53, 'SP-008', '2016-04-05', 4, 2016, 0, 50000, 3000, 50000, 103000),
(54, 'SP-009', '2015-12-31', 4, 2016, 0, 2553000, 40000, 3000000, 5593000),
(55, 'SP-009', '2016-01-20', 4, 2016, 0, 50000, 75000, 500000, 625000),
(56, 'SP-009', '2016-02-20', 4, 2016, 0, 50000, 75000, 500000, 625000),
(57, 'SP-009', '2016-03-20', 4, 2016, 0, 50000, 75000, 500000, 625000),
(58, 'SP-010', '2015-12-31', 4, 2016, 0, 2553000, 81000, 1500000, 4134000),
(59, 'SP-010', '2016-01-02', 4, 2016, 0, 50000, 30000, 250000, 330000),
(60, 'SP-010', '2016-02-02', 4, 2016, 0, 50000, 30000, 250000, 330000),
(61, 'SP-010', '2016-03-02', 4, 2016, 0, 50000, 30000, 250000, 330000),
(62, 'SP-010', '2016-04-05', 4, 2016, 0, 50000, 30000, 250000, 330000),
(63, 'SP-011', '2015-12-31', 4, 2016, 0, 2553000, 1273500, 3000000, 6826500),
(64, 'SP-011', '2016-01-20', 4, 2016, 0, 50000, 200000, 500000, 750000),
(65, 'SP-011', '2016-02-20', 4, 2016, 0, 50000, 200000, 500000, 750000),
(66, 'SP-011', '2016-03-20', 4, 2016, 0, 50000, 200000, 500000, 750000),
(67, 'SP-011', '2016-03-22', 4, 2016, 0, 0, 3000000, 0, 3000000),
(68, 'SP-012', '2015-12-31', 4, 2016, 0, 2553000, 761000, 1800000, 5114000),
(69, 'SP-012', '2016-01-02', 4, 2016, 0, 50000, 23000, 300000, 373000),
(70, 'SP-012', '2016-02-02', 4, 2016, 0, 50000, 23000, 300000, 373000),
(71, 'SP-012', '2016-03-02', 4, 2016, 0, 50000, 23000, 300000, 373000),
(72, 'SP-012', '2016-04-05', 4, 2016, 0, 50000, 23000, 300000, 373000),
(78, 'SP-013', '2015-12-31', 4, 2016, 0, 2553000, 1815000, 6000000, 10368000),
(74, 'SP-013', '2016-01-02', 4, 2016, 0, 50000, 25000, 1000000, 1075000),
(75, 'SP-013', '2016-02-02', 4, 2016, 0, 50000, 25000, 1000000, 1075000),
(76, 'SP-013', '2016-03-02', 4, 2016, 0, 50000, 25000, 1000000, 1075000),
(77, 'SP-013', '2016-04-05', 4, 2016, 0, 50000, 25000, 1000000, 1075000),
(79, 'SP-014', '2015-12-31', 4, 2016, 0, 2553000, 79000, 3000000, 5632000),
(80, 'SP-014', '2016-01-02', 4, 2016, 0, 50000, 5000, 500000, 555000),
(81, 'SP-014', '2016-02-02', 4, 2016, 0, 50000, 5000, 500000, 555000),
(82, 'SP-014', '2016-03-02', 4, 2016, 0, 50000, 5000, 500000, 555000),
(83, 'SP-014', '2016-04-05', 4, 2016, 0, 50000, 5000, 500000, 555000),
(90, 'SP-015', '2015-12-31', 4, 2016, 0, 2553000, 1759000, 1200000, 5512000),
(85, 'SP-015', '2016-01-02', 4, 2016, 0, 50000, 100000, 200000, 350000),
(91, 'SP-016', '2015-12-31', 4, 2016, 0, 2553000, 1847000, 600000, 5000000),
(87, 'SP-015', '2016-02-02', 4, 2016, 0, 50000, 100000, 200000, 350000),
(88, 'SP-015', '2016-03-02', 4, 2016, 0, 50000, 100000, 200000, 350000),
(89, 'SP-015', '2016-04-05', 4, 2016, 0, 50000, 100000, 200000, 350000),
(92, 'SP-016', '2016-01-20', 4, 2016, 0, 50000, 700000, 200000, 950000),
(93, 'SP-016', '2016-02-20', 4, 2016, 0, 50000, 700000, 200000, 950000),
(94, 'SP-016', '2016-03-20', 4, 2016, 0, 50000, 700000, 200000, 950000),
(95, 'SP-017', '2015-12-31', 4, 2016, 0, 2553000, 897000, 1800000, 5250000),
(96, 'SP-017', '2016-01-02', 4, 2016, 0, 50000, 50000, 300000, 400000),
(97, 'SP-017', '2016-02-02', 4, 2016, 0, 50000, 50000, 300000, 400000),
(98, 'SP-017', '2016-03-02', 4, 2016, 0, 50000, 50000, 300000, 400000),
(99, 'SP-017', '2016-04-05', 4, 2016, 0, 50000, 50000, 300000, 400000),
(100, 'SP-018', '2015-12-31', 4, 2016, 0, 2553000, 42000, 1500000, 4095000),
(101, 'SP-018', '2016-01-02', 4, 2016, 0, 50000, 20000, 250000, 320000),
(102, 'SP-018', '2016-02-02', 4, 2016, 0, 50000, 20000, 250000, 320000),
(103, 'SP-018', '2016-03-02', 4, 2016, 0, 50000, 20000, 250000, 320000),
(104, 'SP-018', '2016-04-05', 4, 2016, 0, 50000, 20000, 250000, 320000),
(105, 'SP-019', '2015-12-31', 4, 2016, 0, 2553000, 3750000, 1200000, 7503000),
(106, 'SP-019', '2016-01-02', 4, 2016, 0, 50000, 50000, 200000, 300000),
(107, 'SP-019', '2016-02-02', 4, 2016, 0, 50000, 50000, 200000, 300000),
(108, 'SP-019', '2016-03-02', 4, 2016, 0, 50000, 50000, 200000, 300000),
(109, 'SP-019', '2016-04-05', 4, 2016, 0, 50000, 50000, 200000, 300000),
(110, 'SP-020', '2015-12-31', 4, 2016, 0, 2553000, 1071000, 3000000, 6624000),
(111, 'SP-020', '2016-01-02', 4, 2016, 0, 50000, 200000, 500000, 750000),
(112, 'SP-020', '2016-02-02', 4, 2016, 0, 50000, 200000, 500000, 750000),
(113, 'SP-020', '2016-03-02', 4, 2016, 0, 50000, 0, 500000, 550000),
(114, 'SP-020', '2016-03-23', 4, 2016, 0, 50000, 200000, 500000, 750000),
(115, 'SP-020', '2016-04-05', 4, 2016, 0, 0, 200000, 0, 200000),
(116, 'SP-021', '2015-12-31', 4, 2016, 0, 2553000, 338000, 1200000, 4091000),
(117, 'SP-021', '2016-01-02', 4, 2016, 0, 50000, 100000, 200000, 350000),
(118, 'SP-021', '2016-02-02', 4, 2016, 0, 50000, 100000, 200000, 350000),
(119, 'SP-021', '2016-03-02', 4, 2016, 0, 50000, 0, 200000, 250000),
(123, 'SP-021', '2016-04-05', 4, 2016, 0, 50000, 100000, 200000, 350000),
(121, 'SP-021', '2016-03-23', 4, 2016, 0, 0, 100000, 0, 100000),
(124, 'SP-070', '2015-12-31', 4, 2016, 0, 2493000, 791000, 1800000, 5084000),
(125, 'SP-070', '2016-01-02', 4, 2016, 0, 50000, 50000, 300000, 400000),
(126, 'SP-070', '2016-02-02', 4, 2016, 0, 50000, 50000, 300000, 400000),
(127, 'SP-070', '2016-03-02', 4, 2016, 0, 50000, 50000, 300000, 400000),
(128, 'SP-070', '2016-04-05', 4, 2016, 0, 50000, 50000, 300000, 400000),
(138, 'SP-022', '2016-04-05', 4, 2016, 0, 50000, 60000000, 300000, 60350000),
(137, 'SP-022', '2016-03-02', 4, 2016, 0, 50000, 50000, 300000, 400000),
(136, 'SP-022', '2016-02-02', 4, 2016, 0, 50000, 50000, 300000, 400000),
(135, 'SP-022', '2016-01-02', 4, 2016, 0, 50000, 50000, 300000, 400000),
(134, 'SP-022', '2015-12-31', 4, 2016, 0, 2553000, 52211000, 1800000, 56564000),
(139, 'SP-022', '2016-04-05', 4, 2016, 0, 0, 50000, 0, 50000),
(140, 'SP-023', '2015-12-31', 4, 2016, 0, 2553000, 387000, 600000, 3540000),
(141, 'SP-023', '2016-01-02', 4, 2016, 0, 50000, 10000, 100000, 160000),
(142, 'SP-023', '2016-02-02', 4, 2016, 0, 50000, 10000, 100000, 160000),
(143, 'SP-023', '2016-03-02', 4, 2016, 0, 50000, 0, 0, 50000),
(144, 'SP-023', '2016-03-08', 4, 2016, 0, 0, 0, 100000, 100000),
(145, 'SP-023', '2016-04-05', 4, 2016, 0, 50000, 10000, 100000, 160000),
(146, 'SP-023', '2016-03-24', 4, 2016, 0, 0, 10000, 0, 10000),
(147, 'SP-024', '2015-12-31', 4, 2016, 0, 2553000, 426000, 1500000, 4479000),
(148, 'SP-024', '2016-01-02', 4, 2016, 0, 50000, 50000, 250000, 350000),
(149, 'SP-024', '2016-02-02', 4, 2016, 0, 50000, 50000, 250000, 350000),
(150, 'SP-024', '2016-03-02', 4, 2016, 0, 50000, 0, 250000, 300000),
(151, 'SP-024', '2016-03-24', 4, 2016, 0, 0, 50000, 0, 50000),
(152, 'SP-024', '2016-04-05', 4, 2016, 0, 50000, 50000, 250000, 350000),
(153, 'SP-025', '2015-12-31', 4, 2016, 0, 2553000, 179000, 1800000, 4532000),
(154, 'SP-025', '2016-01-02', 4, 2016, 0, 50000, 50000, 300000, 400000),
(155, 'SP-025', '2016-02-02', 4, 2016, 0, 50000, 0, 300000, 350000),
(156, 'SP-025', '2016-02-20', 4, 2016, 0, 0, 50000, 0, 50000),
(157, 'SP-025', '2016-03-02', 4, 2016, 0, 50000, 0, 300000, 350000),
(158, 'SP-025', '2016-03-23', 4, 2016, 0, 0, 50000, 0, 50000),
(159, 'SP-025', '2016-04-05', 4, 2016, 0, 50000, 50000, 300000, 400000),
(160, 'SP-026', '2015-12-31', 4, 2016, 0, 2553000, 167000, 2500000, 5220000),
(166, 'SP-026', '2016-01-02', 4, 2016, 0, 50000, 3000, 500000, 553000),
(162, 'SP-026', '2016-02-02', 4, 2016, 0, 50000, 3000, 500000, 553000),
(163, 'SP-026', '2016-03-02', 4, 2016, 0, 50000, 3000, 500000, 553000),
(164, 'SP-026', '2016-04-05', 4, 2016, 0, 50000, 3000, 500000, 553000),
(167, 'SP-027', '2015-12-31', 4, 2016, 0, 2553000, 374000, 1800000, 4727000),
(168, 'SP-027', '2016-01-02', 4, 2016, 0, 50000, 100000, 300000, 450000),
(169, 'SP-027', '2016-02-02', 4, 2016, 0, 50000, 100000, 300000, 450000),
(170, 'SP-027', '2016-03-02', 4, 2016, 0, 50000, 100000, 300000, 450000),
(171, 'SP-027', '2016-04-05', 4, 2016, 0, 50000, 100000, 300000, 450000),
(172, 'SP-028', '2015-12-31', 4, 2016, 0, 2553000, 1946000, 1200000, 5699000),
(173, 'SP-028', '2016-01-02', 4, 2016, 0, 50000, 200000, 200000, 450000),
(174, 'SP-028', '2016-02-02', 4, 2016, 0, 50000, 200000, 200000, 450000),
(175, 'SP-028', '2016-03-02', 4, 2016, 0, 50000, 200000, 200000, 450000),
(176, 'SP-028', '2016-04-05', 4, 2016, 0, 50000, 200000, 200000, 450000),
(177, 'SP-029', '2015-12-31', 4, 2016, 0, 2553000, 1536000, 600000, 4689000),
(178, 'SP-029', '2016-01-20', 4, 2016, 0, 50000, 50000, 100000, 200000),
(179, 'SP-029', '2016-02-20', 4, 2016, 0, 50000, 50000, 100000, 200000),
(180, 'SP-029', '2016-03-20', 4, 2016, 0, 50000, 50000, 100000, 200000),
(181, 'SP-029', '2016-04-05', 4, 2016, 0, 50000, 50000, 100000, 200000),
(182, 'SP-030', '2015-12-31', 4, 2016, 0, 2553000, 306000, 3000000, 5859000),
(183, 'SP-030', '2016-01-02', 4, 2016, 0, 50000, 20000, 500000, 570000),
(184, 'SP-030', '2016-02-02', 4, 2016, 0, 50000, 20000, 500000, 570000),
(185, 'SP-030', '2016-03-02', 4, 2016, 0, 50000, 20000, 500000, 570000),
(186, 'SP-030', '2016-04-05', 4, 2016, 0, 50000, 20000, 500000, 570000),
(187, 'SP-031', '2015-12-31', 4, 2016, 0, 2553000, 297000, 1500000, 4350000),
(188, 'SP-031', '2016-01-02', 4, 2016, 0, 50000, 5000, 250000, 305000),
(189, 'SP-031', '2016-02-02', 4, 2016, 0, 50000, 5000, 250000, 305000),
(190, 'SP-031', '2016-03-02', 4, 2016, 0, 50000, 5000, 250000, 305000),
(191, 'SP-031', '2016-04-05', 4, 2016, 0, 50000, 5000, 250000, 305000),
(192, 'SP-032', '2015-12-31', 4, 2016, 0, 2553000, 4177000, 1200000, 7930000),
(193, 'SP-032', '2016-01-02', 4, 2016, 0, 50000, 700000, 200000, 950000),
(194, 'SP-032', '2016-02-02', 4, 2016, 0, 50000, 700000, 200000, 950000),
(195, 'SP-032', '2016-02-22', 4, 2016, 0, 0, 2000000, 0, 2000000),
(196, 'SP-032', '2016-03-02', 4, 2016, 0, 50000, 0, 200000, 250000),
(197, 'SP-032', '2016-03-23', 4, 2016, 0, 0, 700000, 0, 700000),
(198, 'SP-032', '2016-04-05', 4, 2016, 0, 50000, 700000, 200000, 950000),
(199, 'SP-033', '2015-12-31', 4, 2016, 0, 2553000, 2050000, 1200000, 5803000),
(205, 'SP-033', '2016-03-02', 4, 2016, 0, 50000, 0, 0, 50000),
(204, 'SP-033', '2016-02-02', 4, 2016, 0, 50000, 0, 0, 50000),
(203, 'SP-033', '2016-01-02', 4, 2016, 0, 50000, 0, 0, 50000),
(206, 'SP-033', '2016-04-05', 4, 2016, 0, 50000, 0, 0, 50000),
(207, 'SP-035', '2015-12-31', 4, 2016, 0, 2553000, 13446000, 3000000, 18999000),
(208, 'SP-035', '2016-01-02', 4, 2016, 0, 50000, 20000, 500000, 570000),
(209, 'SP-035', '2016-02-02', 4, 2016, 0, 50000, 20000, 500000, 570000),
(210, 'SP-035', '2016-03-02', 4, 2016, 0, 50000, 20000, 500000, 570000),
(211, 'SP-035', '2016-04-05', 4, 2016, 0, 50000, 20000, 500000, 570000),
(212, 'SP-139', '2016-04-12', 4, 2016, 0, 50000, 0, 0, 50000),
(213, 'SP-036', '2015-12-31', 4, 2016, 0, 2553000, 316000, 3000000, 5869000),
(214, 'SP-036', '2016-01-02', 4, 2016, 0, 50000, 10000, 500000, 560000),
(215, 'SP-036', '2016-02-02', 4, 2016, 0, 50000, 10000, 500000, 560000),
(216, 'SP-036', '2016-03-02', 4, 2016, 0, 50000, 0, 500000, 550000),
(217, 'SP-036', '2016-03-22', 4, 2016, 0, 0, 1500000, 0, 1500000),
(218, 'SP-036', '2016-03-24', 4, 2016, 0, 0, 10000, 0, 10000),
(219, 'SP-036', '2016-03-28', 4, 2016, 0, 0, 800000, 0, 800000),
(220, 'SP-036', '2016-04-05', 4, 2016, 0, 50000, 10000, 500000, 560000),
(221, 'SP-036', '2016-04-15', 4, 2016, 0, 0, 1000000, 0, 1000000),
(222, 'SP-037', '2015-12-31', 4, 2016, 0, 2553000, 106000, 1800000, 4459000),
(223, 'SP-037', '2016-01-02', 4, 2016, 0, 50000, 50000, 300000, 400000),
(224, 'SP-037', '2016-02-02', 4, 2016, 0, 50000, 50000, 300000, 400000),
(225, 'SP-037', '2016-03-02', 4, 2016, 0, 50000, 0, 300000, 350000),
(226, 'SP-037', '2016-03-23', 4, 2016, 0, 0, 50000, 0, 50000),
(227, 'SP-037', '2016-04-05', 4, 2016, 0, 50000, 50000, 300000, 400000),
(228, 'SP-038', '2015-12-31', 4, 2016, 0, 2553000, 424000, 3000000, 5977000),
(229, 'SP-038', '2016-01-02', 4, 2016, 0, 50000, 50000, 500000, 600000),
(230, 'SP-038', '2016-02-02', 4, 2016, 0, 50000, 50000, 500000, 600000),
(232, 'SP-038', '2016-03-02', 4, 2016, 0, 50000, 0, 500000, 550000),
(233, 'SP-038', '2016-03-20', 4, 2016, 0, 0, 50000, 0, 50000),
(234, 'SP-038', '2016-04-05', 4, 2016, 0, 50000, 50000, 500000, 600000),
(235, 'SP-039', '2015-12-31', 4, 2016, 0, 2553000, 4918000, 1200000, 8671000),
(236, 'SP-039', '2016-01-02', 4, 2016, 0, 50000, 10000, 200000, 260000),
(238, 'SP-039', '2016-02-02', 4, 2016, 0, 50000, 10000, 200000, 260000),
(239, 'SP-039', '2016-03-02', 4, 2016, 0, 50000, 10000, 200000, 260000),
(240, 'SP-039', '2016-04-05', 4, 2016, 0, 50000, 10000, 200000, 260000),
(241, 'SP-039', '2016-04-14', 4, 2016, 0, 0, 5000000, 0, 5000000),
(242, 'SP-040', '2015-12-31', 4, 2016, 0, 2553000, 110000, 1200000, 3863000),
(243, 'SP-040', '2016-01-02', 4, 2016, 0, 50000, 100000, 200000, 350000),
(244, 'SP-040', '2016-02-02', 4, 2016, 0, 50000, 100000, 200000, 350000),
(245, 'SP-040', '2016-03-02', 4, 2016, 0, 50000, 0, 200000, 250000),
(246, 'SP-040', '2016-04-20', 4, 2016, 0, 0, 100000, 0, 100000),
(247, 'SP-040', '2016-04-05', 4, 2016, 0, 50000, 100000, 200000, 350000),
(248, 'SP-041', '2015-12-31', 4, 2016, 0, 2553000, 1166000, 1800000, 5519000),
(249, 'SP-041', '2016-01-02', 4, 2016, 0, 50000, 500000, 300000, 850000),
(250, 'SP-041', '2016-02-02', 4, 2016, 0, 50000, 500000, 300000, 850000),
(251, 'SP-041', '2016-03-02', 4, 2016, 0, 50000, 0, 300000, 350000),
(252, 'SP-041', '2016-03-23', 4, 2016, 0, 0, 500000, 0, 500000),
(253, 'SP-041', '2016-04-05', 4, 2016, 0, 50000, 500000, 300000, 850000),
(257, 'SP-042', '2015-12-31', 4, 2016, 0, 2553000, 10000, 1800000, 4363000),
(255, 'SP-042', '2016-01-20', 4, 2016, 0, 50000, 100000, 300000, 450000),
(256, 'SP-042', '2016-02-22', 4, 2016, 0, 50000, 100000, 300000, 450000),
(259, 'SP-042', '2016-03-20', 4, 2016, 0, 50000, 50000, 300000, 400000),
(260, 'SP-043', '2015-12-31', 4, 2016, 0, 2553000, 111000, 900000, 3564000),
(261, 'SP-043', '2016-01-02', 4, 2016, 0, 50000, 25000, 150000, 225000),
(262, 'SP-043', '2016-02-02', 4, 2016, 0, 50000, 25000, 150000, 225000),
(263, 'SP-043', '2016-03-02', 4, 2016, 0, 50000, 25000, 150000, 225000),
(264, 'SP-043', '2016-04-05', 4, 2016, 0, 50000, 25000, 150000, 225000),
(265, 'SP-044', '2015-12-31', 4, 2016, 0, 2553000, 81000, 600000, 3234000),
(266, 'SP-044', '2016-01-02', 4, 2016, 0, 50000, 30000, 100000, 180000),
(267, 'SP-044', '2016-02-02', 4, 2016, 0, 50000, 30000, 100000, 180000),
(268, 'SP-044', '2016-03-02', 4, 2016, 0, 50000, 30000, 100000, 180000),
(269, 'SP-044', '2016-04-05', 4, 2016, 0, 50000, 30000, 100000, 180000),
(270, 'SP-045', '2015-12-31', 4, 2016, 0, 2553000, 9000, 900000, 3462000),
(271, 'SP-045', '2016-01-02', 4, 2016, 0, 50000, 25000, 150000, 225000),
(272, 'SP-045', '2016-02-02', 4, 2016, 0, 50000, 25000, 150000, 225000),
(273, 'SP-045', '2016-03-02', 4, 2016, 0, 50000, 25000, 150000, 225000),
(274, 'SP-045', '2016-04-05', 4, 2016, 0, 50000, 25000, 150000, 225000),
(275, 'SP-046', '2015-12-31', 4, 2016, 0, 2553000, 687000, 1200000, 4440000),
(276, 'SP-046', '2016-01-02', 4, 2016, 0, 50000, 50000, 200000, 300000),
(277, 'SP-046', '2016-02-02', 4, 2016, 0, 50000, 50000, 200000, 300000),
(280, 'SP-046', '2016-03-02', 4, 2016, 0, 50000, 0, 200000, 250000),
(279, 'SP-046', '2016-04-05', 4, 2016, 0, 50000, 50000, 200000, 300000),
(281, 'SP-046', '2016-04-05', 4, 2016, 0, 0, 50000, 0, 50000),
(282, 'SP-047', '2015-12-31', 4, 2016, 0, 2553000, 28078000, 510000, 31141000),
(283, 'SP-047', '2016-01-02', 4, 2016, 0, 50000, 50000, 85000, 185000),
(284, 'SP-047', '2016-02-02', 4, 2016, 0, 50000, 50000, 85000, 185000),
(285, 'SP-047', '2016-03-02', 4, 2016, 0, 50000, 50000, 85000, 185000),
(286, 'SP-047', '2016-04-05', 4, 2016, 0, 50000, 50000, 85000, 185000),
(287, 'SP-048', '2015-12-31', 4, 2016, 0, 2553000, 13787000, 1020000, 17360000),
(288, 'SP-048', '2016-01-02', 4, 2016, 0, 50000, 10000, 170000, 230000),
(289, 'SP-048', '2016-02-02', 4, 2016, 0, 50000, 10000, 170000, 230000),
(290, 'SP-048', '2016-03-02', 4, 2016, 0, 50000, 10000, 170000, 230000),
(291, 'SP-048', '2016-04-05', 4, 2016, 0, 50000, 10000, 170000, 230000),
(292, 'SP-064', '2015-12-31', 4, 2016, 0, 2498000, 2000000, 600000, 5098000),
(293, 'SP-064', '2016-01-20', 4, 2016, 0, 50000, 1000000, 100000, 1150000),
(294, 'SP-064', '2016-02-20', 4, 2016, 0, 50000, 2500000, 100000, 2650000),
(295, 'SP-064', '2016-03-20', 4, 2016, 0, 50000, 2500000, 100000, 2650000),
(296, 'SP-064', '2016-04-05', 4, 2016, 0, 50000, 0, 100000, 150000),
(297, 'SP-072', '2015-12-31', 4, 2016, 0, 2425000, 5000000, 3000000, 10425000),
(298, 'SP-072', '2016-01-02', 4, 2016, 0, 50000, 500000, 500000, 1050000),
(299, 'SP-072', '2016-02-02', 4, 2016, 0, 50000, 500000, 500000, 1050000),
(300, 'SP-072', '2016-03-02', 4, 2016, 0, 50000, 500000, 500000, 1050000),
(301, 'SP-072', '2016-04-05', 4, 2016, 0, 50000, 500000, 500000, 1050000),
(302, 'SP-084', '2015-12-31', 4, 2016, 0, 2267000, 165000, 1800000, 4232000),
(303, 'SP-084', '2016-01-02', 4, 2016, 0, 50000, 25000, 300000, 375000),
(304, 'SP-084', '2016-02-02', 4, 2016, 0, 50000, 25000, 300000, 375000),
(305, 'SP-084', '2016-03-02', 4, 2016, 0, 50000, 25000, 300000, 375000),
(306, 'SP-084', '2016-04-05', 4, 2016, 0, 50000, 25000, 300000, 375000),
(307, 'SP-091', '2015-12-31', 4, 2016, 0, 2075000, 15000, 1200000, 3290000),
(308, 'SP-091', '2016-01-02', 4, 2016, 0, 50000, 100000, 200000, 350000),
(309, 'SP-091', '2016-02-02', 4, 2016, 0, 50000, 100000, 200000, 350000),
(310, 'SP-091', '2016-03-02', 4, 2016, 0, 50000, 0, 200000, 250000),
(311, 'SP-091', '2016-03-24', 4, 2016, 0, 0, 100000, 0, 100000),
(312, 'SP-091', '2016-04-05', 4, 2016, 0, 50000, 100000, 200000, 350000),
(313, 'SP-109', '2015-12-31', 4, 2016, 0, 1705000, 5925000, 2100000, 9730000),
(314, 'SP-109', '2016-01-02', 4, 2016, 0, 50000, 250000, 350000, 650000),
(315, 'SP-109', '2016-02-02', 4, 2016, 0, 50000, 250000, 350000, 650000),
(316, 'SP-109', '2016-03-02', 4, 2016, 0, 50000, 250000, 350000, 650000),
(317, 'SP-109', '2016-04-05', 4, 2016, 0, 50000, 250000, 350000, 650000),
(318, 'SP-137', '2016-04-12', 4, 2016, 0, 50000, 0, 0, 50000),
(319, 'SP-118', '2015-12-31', 4, 2016, 0, 1465000, 0, 600000, 2065000),
(320, 'SP-118', '2016-01-02', 4, 2016, 0, 50000, 0, 100000, 150000),
(321, 'SP-118', '2016-02-02', 4, 2016, 0, 50000, 0, 100000, 150000),
(322, 'SP-118', '2016-03-02', 4, 2016, 0, 50000, 0, 100000, 150000),
(323, 'SP-118', '2016-04-05', 4, 2016, 0, 50000, 0, 100000, 150000),
(324, 'SP-119', '2015-12-31', 4, 2016, 0, 1435000, 400000, 1200000, 3035000),
(325, 'SP-119', '2016-01-20', 4, 2016, 0, 50000, 100000, 200000, 350000),
(326, 'SP-119', '2016-02-20', 4, 2016, 0, 50000, 100000, 200000, 350000),
(327, 'SP-119', '2016-03-20', 4, 2016, 0, 50000, 100000, 200000, 350000),
(328, 'SP-120', '2015-12-31', 4, 2016, 0, 1275000, 1080000, 1800000, 4155000),
(329, 'SP-120', '2016-01-20', 4, 2016, 0, 50000, 25000, 300000, 375000),
(330, 'SP-120', '2016-02-20', 4, 2016, 0, 50000, 25000, 300000, 375000),
(331, 'SP-120', '2016-03-20', 4, 2016, 0, 50000, 25000, 300000, 375000),
(332, 'SP-131', '2015-12-31', 4, 2016, 0, 1000000, 375000, 1800000, 3175000),
(333, 'SP-131', '2016-01-02', 4, 2016, 0, 50000, 125000, 300000, 475000),
(334, 'SP-131', '2016-02-02', 4, 2016, 0, 50000, 125000, 300000, 475000),
(335, 'SP-131', '2016-03-02', 4, 2016, 0, 50000, 125000, 300000, 475000),
(336, 'SP-131', '2016-04-05', 4, 2016, 0, 50000, 125000, 300000, 475000);

-- --------------------------------------------------------

--
-- Struktur dari tabel `tbl_statistic`
--

CREATE TABLE IF NOT EXISTS `tbl_statistic` (
  `statistic_ip` varchar(20) COLLATE latin1_general_ci NOT NULL DEFAULT '',
  `statistic_date` date NOT NULL,
  `statistic_hits` int(10) NOT NULL DEFAULT '1',
  `statistic_online` varchar(255) COLLATE latin1_general_ci NOT NULL
) ENGINE=MyISAM DEFAULT CHARSET=latin1 COLLATE=latin1_general_ci;

--
-- Dumping data untuk tabel `tbl_statistic`
--

INSERT INTO `tbl_statistic` (`statistic_ip`, `statistic_date`, `statistic_hits`, `statistic_online`) VALUES
('127.0.0.1', '2014-06-10', 206, '1402351344'),
('127.0.0.1', '2014-06-12', 3, '1402583985'),
('127.0.0.1', '2014-06-13', 92, '1402667673'),
('127.0.0.1', '2014-06-14', 90, '1402694192'),
('127.0.0.1', '2014-06-15', 110, '1402847516'),
('127.0.0.1', '2014-06-16', 28, '1402932556'),
('127.0.0.1', '2014-12-07', 13, '1418022022'),
('127.0.0.1', '2014-12-09', 81, '1418156740'),
('127.0.0.1', '2014-12-10', 86, '1418200338'),
('127.0.0.1', '2014-12-11', 56, '1418291754'),
('127.0.0.1', '2014-12-12', 2, '1418395041'),
('127.0.0.1', '2014-12-13', 8, '1418511105'),
('127.0.0.1', '2014-12-16', 30, '1418753615'),
('127.0.0.1', '2014-12-17', 12, '1418882244'),
('127.0.0.1', '2014-12-18', 16, '1418896949'),
('127.0.0.1', '2014-12-22', 9, '1419243185'),
('127.0.0.1', '2014-12-23', 4, '1419352269'),
('127.0.0.1', '2015-01-08', 44, '1420737075'),
('127.0.0.1', '2014-12-24', 15, '1419449201'),
('127.0.0.1', '2014-12-27', 4, '1419699228'),
('127.0.0.1', '2015-01-01', 6, '1420185310'),
('127.0.0.1', '2015-01-02', 27, '1420186438'),
('127.0.0.1', '2015-01-06', 32, '1420548328'),
('127.0.0.1', '2015-01-07', 5, '1420643231'),
('127.0.0.1', '2015-01-09', 4, '1420872204'),
('127.0.0.1', '2015-01-10', 3, '1420885951'),
('127.0.0.1', '2015-01-11', 10, '1421007065'),
('127.0.0.1', '2015-01-12', 24, '1421113850'),
('127.0.0.1', '2015-01-13', 21, '1421171591'),
('127.0.0.1', '2016-02-13', 9, '1455402105'),
('127.0.0.1', '2015-01-14', 4, '1421249707'),
('127.0.0.1', '2015-01-15', 12, '1421372544'),
('127.0.0.1', '2015-01-16', 23, '1421413476'),
('127.0.0.1', '2015-01-17', 5, '1421507422'),
('127.0.0.1', '2015-01-18', 3, '1421596775'),
('127.0.0.1', '2015-01-19', 10, '1421683142'),
('127.0.0.1', '2015-01-20', 2, '1421764306'),
('127.0.0.1', '2015-01-21', 2, '1421890993'),
('127.0.0.1', '2015-01-22', 4, '1421938785'),
('127.0.0.1', '2015-01-23', 1, '1422083087'),
('127.0.0.1', '2015-01-24', 4, '1422129731'),
('127.0.0.1', '2015-01-25', 3, '1422205736'),
('127.0.0.1', '2015-01-26', 6, '1422292192'),
('127.0.0.1', '2015-01-27', 1, '1422427472'),
('127.0.0.1', '2015-01-29', 2, '1422544696'),
('::1', '2015-02-08', 47, '1423372216'),
('::1', '2015-02-09', 69, '1423496613'),
('::1', '2015-02-14', 4, '1423869099'),
('::1', '2015-02-18', 9, '1424215434'),
('36.72.90.103', '2015-03-29', 15, '1427605392'),
('180.253.108.196', '2015-03-29', 23, '1427605609'),
('168.235.194.128', '2015-03-29', 15, '1427620099'),
('36.72.106.28', '2015-03-29', 1, '1427679681'),
('168.235.194.128', '2015-03-30', 1, '1427697854'),
('112.215.66.68', '2015-03-30', 1, '1427703961'),
('112.215.66.71', '2015-03-30', 2, '1427704155'),
('112.215.66.73', '2015-03-30', 3, '1427704179'),
('112.215.66.74', '2015-03-30', 2, '1427704185'),
('112.215.66.76', '2015-03-30', 2, '1427704201'),
('112.215.66.69', '2015-03-30', 1, '1427704213'),
('66.249.64.169', '2015-03-31', 1, '1427835994'),
('66.249.64.161', '2015-03-31', 2, '1427839749'),
('66.249.64.165', '2015-03-31', 1, '1427839819'),
('199.30.228.159', '2015-04-03', 1, '1428055585'),
('66.249.64.161', '2015-04-03', 1, '1428094331'),
('66.249.64.169', '2015-04-03', 1, '1428095241'),
('112.215.66.68', '2015-04-03', 1, '1428117753'),
('112.215.66.77', '2015-04-03', 1, '1428118296'),
('66.249.64.165', '2015-04-03', 1, '1428122275'),
('66.249.64.169', '2015-04-04', 3, '1428136337'),
('66.249.64.165', '2015-04-04', 1, '1428137863'),
('168.235.194.128', '2015-04-05', 1, '1428235043'),
('112.215.66.75', '2015-04-05', 12, '1428286825'),
('112.215.66.77', '2015-04-05', 8, '1428287147'),
('112.215.66.72', '2015-04-05', 2, '1428289059'),
('112.215.66.79', '2015-04-05', 9, '1428289755'),
('112.215.66.69', '2015-04-05', 12, '1428290215'),
('112.215.66.73', '2015-04-05', 12, '1428290373'),
('112.215.66.76', '2015-04-05', 7, '1428291245'),
('112.215.66.70', '2015-04-05', 9, '1428291446'),
('112.215.66.71', '2015-04-05', 8, '1428291528'),
('112.215.66.78', '2015-04-05', 6, '1428291699'),
('112.215.66.74', '2015-04-05', 7, '1428292340'),
('112.215.66.68', '2015-04-05', 4, '1428293624'),
('222.124.204.66', '2015-04-06', 32, '1428302649'),
('112.215.66.68', '2015-04-06', 1, '1428342737'),
('112.215.66.70', '2015-04-06', 5, '1428342743'),
('112.215.66.73', '2015-04-06', 2, '1428342756'),
('112.215.66.71', '2015-04-06', 4, '1428342924'),
('112.215.66.69', '2015-04-06', 5, '1428342927'),
('112.215.66.75', '2015-04-06', 3, '1428343061'),
('112.215.66.72', '2015-04-06', 2, '1428343064'),
('112.215.66.74', '2015-04-06', 4, '1428343084'),
('112.215.66.76', '2015-04-06', 3, '1428343232'),
('112.215.66.79', '2015-04-06', 3, '1428343264'),
('112.215.66.78', '2015-04-06', 1, '1428345245'),
('112.215.66.77', '2015-04-07', 4, '1428345714'),
('112.215.66.76', '2015-04-07', 3, '1428345727'),
('112.215.66.78', '2015-04-07', 7, '1428345731'),
('112.215.66.75', '2015-04-07', 2, '1428346047'),
('112.215.66.68', '2015-04-07', 3, '1428346126'),
('112.215.66.72', '2015-04-07', 5, '1428346184'),
('112.215.66.70', '2015-04-07', 1, '1428346598'),
('112.215.66.73', '2015-04-07', 1, '1428347019'),
('112.215.66.69', '2015-04-07', 1, '1428347401'),
('112.215.66.71', '2015-04-07', 1, '1428347405'),
('112.215.66.74', '2015-04-07', 1, '1428347454'),
('66.249.65.181', '2015-04-07', 1, '1428354453'),
('222.124.204.66', '2015-04-07', 87, '1428369057'),
('168.235.194.128', '2015-04-07', 2, '1428378282'),
('198.148.15.20', '2015-04-07', 1, '1428394169'),
('36.88.179.19', '2015-04-07', 3, '1428403077'),
('120.173.118.119', '2015-04-08', 4, '1428452977'),
('120.172.138.81', '2015-04-08', 4, '1428466609'),
('222.124.204.66', '2015-04-08', 15, '1428468579'),
('222.124.204.66', '2015-04-09', 1, '1428542198'),
('124.195.115.174', '2015-04-10', 9, '1428607389'),
('66.249.64.161', '2015-04-10', 1, '1428613654'),
('66.249.64.169', '2015-04-13', 1, '1428873099'),
('112.215.66.73', '2015-04-13', 1, '1428890214'),
('112.215.66.69', '2015-04-12', 1, '1428891112'),
('112.215.66.78', '2015-04-12', 1, '1428891189'),
('112.215.66.68', '2015-04-12', 1, '1428891370'),
('112.215.66.74', '2015-04-12', 1, '1428891435'),
('112.215.66.71', '2015-04-12', 1, '1428891472'),
('112.215.66.77', '0000-00-00', 6, '1428891755'),
('112.215.66.68', '0000-00-00', 6, '1428891883'),
('112.215.66.73', '0000-00-00', 8, '1428891887'),
('112.215.66.76', '0000-00-00', 5, '1428891889'),
('112.215.66.68', '0000-00-00', 6, '1428891892'),
('112.215.66.78', '0000-00-00', 4, '1428891895'),
('112.215.66.76', '0000-00-00', 5, '1428891919'),
('112.215.66.76', '0000-00-00', 5, '1428891925'),
('112.215.66.76', '0000-00-00', 5, '1428891932'),
('112.215.66.78', '0000-00-00', 4, '1428891941'),
('112.215.66.76', '0000-00-00', 5, '1428891954'),
('112.215.66.77', '0000-00-00', 6, '1428891956'),
('112.215.66.73', '0000-00-00', 8, '1428892440'),
('112.215.66.79', '0000-00-00', 7, '1428892460'),
('112.215.66.68', '0000-00-00', 6, '1428892465'),
('112.215.66.70', '0000-00-00', 7, '1428892498'),
('112.215.66.79', '0000-00-00', 7, '1428892501'),
('112.215.66.79', '0000-00-00', 7, '1428892504'),
('112.215.66.70', '0000-00-00', 7, '1428892506'),
('112.215.66.72', '0000-00-00', 5, '1428892515'),
('112.215.66.69', '0000-00-00', 8, '1428892517'),
('112.215.66.79', '0000-00-00', 7, '1428892559'),
('112.215.66.68', '0000-00-00', 6, '1428892643'),
('66.249.64.165', '0000-00-00', 1, '1428933498'),
('66.249.65.181', '0000-00-00', 1, '1428952864'),
('66.249.65.185', '0000-00-00', 1, '1428955536'),
('222.124.204.66', '0000-00-00', 1, '1428976124'),
('222.124.204.66', '0000-00-00', 1, '1428978533'),
('222.124.204.66', '0000-00-00', 1, '1428978547'),
('222.124.204.66', '0000-00-00', 1, '1428978587'),
('222.124.204.66', '0000-00-00', 1, '1428978591'),
('222.124.204.66', '0000-00-00', 1, '1428978607'),
('222.124.204.66', '0000-00-00', 1, '1428978608'),
('222.124.204.66', '0000-00-00', 1, '1428978611'),
('222.124.204.66', '0000-00-00', 1, '1428978616'),
('222.124.204.66', '0000-00-00', 1, '1428978619'),
('222.124.204.66', '0000-00-00', 1, '1428978893'),
('168.235.194.128', '0000-00-00', 1, '1428982492'),
('112.215.66.77', '0000-00-00', 6, '1428983148'),
('222.124.204.66', '0000-00-00', 1, '1428987121'),
('222.124.204.66', '0000-00-00', 1, '1428987124'),
('222.124.204.66', '0000-00-00', 1, '1428987127'),
('222.124.204.66', '0000-00-00', 1, '1428987129'),
('222.124.204.66', '0000-00-00', 1, '1428996294'),
('222.124.204.66', '0000-00-00', 1, '1428996309'),
('222.124.204.66', '0000-00-00', 1, '1429054326'),
('222.124.204.66', '0000-00-00', 1, '1429054406'),
('112.215.66.78', '0000-00-00', 4, '1429054639'),
('112.215.66.68', '0000-00-00', 6, '1429054683'),
('112.215.66.75', '0000-00-00', 8, '1429054726'),
('112.215.66.68', '0000-00-00', 6, '1429055005'),
('222.124.204.66', '0000-00-00', 1, '1429061065'),
('112.215.66.70', '0000-00-00', 7, '1429062948'),
('112.215.66.79', '0000-00-00', 7, '1429062983'),
('112.215.66.75', '0000-00-00', 8, '1429063030'),
('112.215.66.76', '0000-00-00', 5, '1429063074'),
('112.215.66.69', '0000-00-00', 8, '1429063132'),
('112.215.66.70', '0000-00-00', 7, '1429063153'),
('112.215.66.75', '0000-00-00', 8, '1429063179'),
('222.124.204.66', '0000-00-00', 1, '1429068123'),
('222.124.204.66', '0000-00-00', 1, '1429068336'),
('222.124.204.66', '0000-00-00', 1, '1429068362'),
('120.161.0.116', '0000-00-00', 1, '1429111763'),
('120.161.0.116', '0000-00-00', 1, '1429111782'),
('120.161.0.116', '0000-00-00', 1, '1429111815'),
('120.161.0.116', '0000-00-00', 1, '1429111827'),
('120.161.0.116', '0000-00-00', 1, '1429111867'),
('120.161.0.116', '0000-00-00', 1, '1429111868'),
('66.249.64.169', '0000-00-00', 1, '1429132304'),
('222.124.204.66', '0000-00-00', 1, '1429184309'),
('222.124.204.66', '0000-00-00', 1, '1429184336'),
('222.124.204.66', '0000-00-00', 1, '1429184493'),
('66.249.64.85', '0000-00-00', 1, '1429212409'),
('222.124.204.66', '0000-00-00', 1, '1429259585'),
('222.124.204.66', '0000-00-00', 1, '1429259666'),
('168.235.195.47', '0000-00-00', 1, '1429259720'),
('66.249.64.83', '0000-00-00', 1, '1429303663'),
('222.124.204.66', '0000-00-00', 1, '1429329757'),
('222.124.204.66', '0000-00-00', 1, '1429329827'),
('222.124.204.66', '0000-00-00', 1, '1429329857'),
('222.124.204.66', '0000-00-00', 1, '1429329931'),
('222.124.204.66', '0000-00-00', 1, '1429329993'),
('66.249.64.85', '0000-00-00', 1, '1429467226'),
('222.124.204.66', '0000-00-00', 1, '1429516841'),
('64.246.165.160', '0000-00-00', 1, '1429521299'),
('66.249.64.83', '0000-00-00', 1, '1429552427'),
('222.124.204.66', '0000-00-00', 1, '1429578891'),
('222.124.204.66', '0000-00-00', 1, '1429578952'),
('222.124.204.66', '0000-00-00', 1, '1429582983'),
('222.124.204.66', '0000-00-00', 1, '1429583006'),
('222.124.204.66', '0000-00-00', 1, '1429587453'),
('222.124.204.66', '0000-00-00', 1, '1429587859'),
('222.124.204.66', '0000-00-00', 1, '1429587872'),
('112.215.66.72', '0000-00-00', 5, '1429637437'),
('112.215.66.76', '0000-00-00', 5, '1429637485'),
('112.215.66.74', '0000-00-00', 5, '1429637491'),
('222.124.204.66', '0000-00-00', 1, '1430099490'),
('222.124.204.66', '0000-00-00', 1, '1430099532'),
('222.124.204.66', '0000-00-00', 1, '1430099535'),
('66.249.67.73', '0000-00-00', 1, '1430170501'),
('36.77.162.92', '0000-00-00', 1, '1430193835'),
('36.77.162.92', '0000-00-00', 1, '1430193872'),
('36.77.162.92', '0000-00-00', 1, '1430193880'),
('36.77.162.92', '0000-00-00', 1, '1430193890'),
('36.77.162.92', '0000-00-00', 1, '1430193919'),
('66.249.67.73', '0000-00-00', 1, '1430196674'),
('66.249.67.73', '0000-00-00', 1, '1430200291'),
('66.249.67.73', '0000-00-00', 1, '1430200961'),
('66.249.67.73', '0000-00-00', 1, '1430228686'),
('66.249.67.73', '0000-00-00', 1, '1430283936'),
('66.249.65.181', '0000-00-00', 1, '1430535092'),
('222.124.204.66', '0000-00-00', 1, '1430539226'),
('222.124.204.66', '0000-00-00', 1, '1430539313'),
('222.124.204.66', '0000-00-00', 1, '1430539389'),
('222.124.204.66', '0000-00-00', 1, '1430539454'),
('64.246.165.140', '0000-00-00', 1, '1430647200'),
('66.249.65.185', '0000-00-00', 1, '1430812809'),
('66.249.65.238', '0000-00-00', 1, '1431113793'),
('66.249.65.238', '0000-00-00', 1, '1431197947'),
('66.249.65.231', '0000-00-00', 1, '1431258910'),
('66.249.79.96', '0000-00-00', 1, '1431347418'),
('66.249.79.122', '0000-00-00', 1, '1431396618'),
('66.249.79.109', '0000-00-00', 1, '1431436157'),
('66.249.64.172', '0000-00-00', 1, '1431566182'),
('66.249.64.167', '0000-00-00', 1, '1431583069'),
('64.246.165.140', '0000-00-00', 1, '1431789371'),
('66.249.64.167', '0000-00-00', 1, '1431931134'),
('66.249.64.172', '0000-00-00', 1, '1432146574'),
('112.215.66.78', '0000-00-00', 4, '1432214547'),
('112.215.66.79', '0000-00-00', 7, '1432214582'),
('112.215.66.69', '0000-00-00', 8, '1432214612'),
('112.215.66.72', '0000-00-00', 5, '1432371260'),
('112.215.66.76', '0000-00-00', 5, '1432371370'),
('112.215.66.72', '0000-00-00', 5, '1432371457'),
('112.215.66.77', '0000-00-00', 6, '1432371493'),
('112.215.66.69', '0000-00-00', 8, '1432371503'),
('112.215.66.73', '0000-00-00', 8, '1432523283'),
('82.145.211.81', '0000-00-00', 1, '1432551035'),
('120.161.1.27', '0000-00-00', 1, '1432623677'),
('66.249.67.122', '0000-00-00', 1, '1432640345'),
('66.249.67.109', '0000-00-00', 1, '1432827292'),
('66.249.67.122', '0000-00-00', 1, '1432827423'),
('66.249.67.96', '0000-00-00', 1, '1432848880'),
('66.249.67.96', '0000-00-00', 1, '1432854193'),
('66.249.67.109', '0000-00-00', 1, '1432861223'),
('216.145.17.190', '0000-00-00', 1, '1432983778'),
('66.249.67.122', '0000-00-00', 1, '1433014425'),
('66.249.67.122', '0000-00-00', 1, '1433416658'),
('66.249.79.96', '0000-00-00', 1, '1433961940'),
('66.249.79.122', '0000-00-00', 1, '1433986425'),
('66.249.79.122', '0000-00-00', 1, '1434040959'),
('216.145.17.190', '0000-00-00', 1, '1434210246'),
('66.249.79.109', '0000-00-00', 1, '1434482826'),
('66.249.67.64', '0000-00-00', 1, '1434760105'),
('66.249.67.52', '0000-00-00', 1, '1434850254'),
('66.249.67.64', '0000-00-00', 1, '1435103451'),
('66.249.64.177', '0000-00-00', 1, '1435505121'),
('64.246.165.160', '0000-00-00', 1, '1435584297'),
('66.249.64.177', '0000-00-00', 1, '1435661891'),
('66.249.64.172', '0000-00-00', 1, '1435861814'),
('66.249.79.109', '0000-00-00', 1, '1436317897'),
('66.249.79.122', '0000-00-00', 1, '1436390746'),
('66.249.79.122', '0000-00-00', 1, '1436402673'),
('66.249.79.96', '0000-00-00', 1, '1436573758'),
('216.145.14.142', '0000-00-00', 2, '1436801894'),
('66.249.79.122', '0000-00-00', 1, '1436942855'),
('66.249.67.52', '0000-00-00', 1, '1437288106'),
('66.249.73.200', '0000-00-00', 1, '1437388494'),
('66.249.64.45', '0000-00-00', 1, '1437857596'),
('66.249.64.40', '0000-00-00', 1, '1437860730'),
('54.80.243.243', '0000-00-00', 1, '1438075722'),
('66.249.67.64', '0000-00-00', 1, '1438492474'),
('66.249.73.184', '0000-00-00', 1, '1438586730'),
('66.249.73.184', '0000-00-00', 1, '1438915009'),
('66.249.67.58', '0000-00-00', 1, '1439003466'),
('66.249.67.52', '0000-00-00', 1, '1439013820'),
('64.246.187.42', '0000-00-00', 1, '1440346999'),
('202.80.212.15', '0000-00-00', 1, '1440748986'),
('202.80.212.15', '0000-00-00', 1, '1440748988'),
('202.80.212.15', '0000-00-00', 1, '1440748999'),
('202.80.212.15', '0000-00-00', 1, '1440749001'),
('202.80.212.15', '0000-00-00', 1, '1440749005'),
('202.80.212.15', '0000-00-00', 1, '1440749008'),
('202.80.212.15', '0000-00-00', 1, '1440749012'),
('202.80.212.15', '0000-00-00', 1, '1440749018'),
('202.80.212.15', '0000-00-00', 1, '1440749019'),
('202.80.212.15', '0000-00-00', 1, '1440749020'),
('202.80.212.15', '0000-00-00', 1, '1440749021'),
('202.80.212.15', '0000-00-00', 1, '1440749025'),
('202.80.212.15', '0000-00-00', 1, '1440749027'),
('202.80.212.15', '0000-00-00', 1, '1440749310'),
('202.80.212.15', '0000-00-00', 1, '1440749314'),
('202.80.212.15', '0000-00-00', 1, '1440749315'),
('202.80.212.15', '0000-00-00', 1, '1440749317'),
('202.80.212.15', '0000-00-00', 1, '1440749320'),
('202.80.212.15', '0000-00-00', 1, '1440749321'),
('202.80.212.15', '0000-00-00', 1, '1440749384'),
('202.80.212.15', '0000-00-00', 1, '1440749387'),
('202.80.212.15', '0000-00-00', 1, '1440749388'),
('202.80.212.15', '0000-00-00', 1, '1440749391'),
('110.136.149.175', '0000-00-00', 23, '1440749412'),
('110.136.149.175', '0000-00-00', 23, '1440749416'),
('202.80.212.15', '0000-00-00', 1, '1440749460'),
('110.136.149.175', '0000-00-00', 23, '1440749460'),
('110.136.149.175', '0000-00-00', 23, '1440749463'),
('110.136.149.175', '0000-00-00', 23, '1440749464'),
('110.136.149.175', '0000-00-00', 23, '1440749467'),
('110.136.149.175', '0000-00-00', 23, '1440749470'),
('110.136.149.175', '0000-00-00', 23, '1440749483'),
('110.136.149.175', '0000-00-00', 23, '1440749485'),
('110.136.149.175', '0000-00-00', 23, '1440749527'),
('110.136.149.175', '0000-00-00', 23, '1440749538'),
('110.136.149.175', '0000-00-00', 23, '1440749543'),
('110.136.149.175', '0000-00-00', 23, '1440749552'),
('110.136.149.175', '0000-00-00', 23, '1440749578'),
('110.136.149.175', '0000-00-00', 23, '1440749588'),
('110.136.149.175', '0000-00-00', 23, '1440749618'),
('110.136.149.175', '0000-00-00', 23, '1440749981'),
('202.162.216.14', '0000-00-00', 1, '1440751823'),
('202.162.216.14', '0000-00-00', 1, '1440751839'),
('202.162.216.14', '0000-00-00', 1, '1440751844'),
('202.162.216.14', '0000-00-00', 1, '1440751847'),
('202.162.216.14', '0000-00-00', 1, '1440751849'),
('202.162.216.14', '0000-00-00', 1, '1440751851'),
('202.162.216.14', '0000-00-00', 1, '1440751853'),
('202.162.216.14', '0000-00-00', 1, '1440751857'),
('202.162.216.14', '0000-00-00', 1, '1440751865'),
('202.162.216.14', '0000-00-00', 1, '1440751867'),
('202.162.216.14', '0000-00-00', 1, '1440751868'),
('202.162.216.14', '0000-00-00', 1, '1440751868'),
('202.80.212.15', '0000-00-00', 1, '1440759260'),
('202.137.14.133', '0000-00-00', 1, '1440993747'),
('202.137.14.133', '0000-00-00', 1, '1440993769'),
('202.137.14.133', '0000-00-00', 1, '1440993777'),
('202.137.14.133', '0000-00-00', 1, '1440993779'),
('202.137.14.133', '0000-00-00', 1, '1440993787'),
('202.80.213.5', '0000-00-00', 1, '1440999580'),
('107.22.88.11', '0000-00-00', 1, '1441119710'),
('180.245.181.150', '0000-00-00', 6, '1452418285'),
('112.215.66.71', '0000-00-00', 5, '1452450000'),
('222.124.204.68', '0000-00-00', 29, '1452569812'),
('180.214.232.4', '0000-00-00', 7, '1452731492'),
('64.246.165.200', '0000-00-00', 1, '1453262990'),
('223.255.230.64', '0000-00-00', 2, '1453297897'),
('64.246.165.210', '0000-00-00', 2, '1454577161'),
('223.255.230.48', '0000-00-00', 1, '1456189460'),
('36.88.168.137', '0000-00-00', 1, '1456488001'),
('114.79.13.34', '0000-00-00', 4, '1456541971'),
('114.79.13.239', '0000-00-00', 1, '1456542085'),
('202.73.225.113', '0000-00-00', 1, '1456888574'),
('36.72.22.106', '0000-00-00', 6, '1459673326'),
('150.70.188.182', '0000-00-00', 1, '1459673406'),
('150.70.173.51', '0000-00-00', 1, '1459673415'),
('36.84.67.215', '0000-00-00', 1, '1459735926'),
('180.245.140.187', '0000-00-00', 1, '1459752605'),
('180.253.216.116', '0000-00-00', 3, '1459763272'),
('112.215.63.20', '0000-00-00', 1, '1459905421'),
('112.215.63.21', '0000-00-00', 1, '1459905446'),
('112.215.63.18', '0000-00-00', 1, '1459905505'),
('112.215.63.13', '0000-00-00', 1, '1459905508'),
('180.253.14.230', '0000-00-00', 1, '1460435272'),
('180.253.254.219', '0000-00-00', 6, '1460682634');

/*!40101 SET CHARACTER_SET_CLIENT=@OLD_CHARACTER_SET_CLIENT */;
/*!40101 SET CHARACTER_SET_RESULTS=@OLD_CHARACTER_SET_RESULTS */;
/*!40101 SET COLLATION_CONNECTION=@OLD_COLLATION_CONNECTION */;
